stg_voyage_id,passenger_name,role_note
1,"Mr. Richard M. Cadwalader, Mrs. Richard M. Cadwalader","Emily Cadwalader, nee Roebling"
1,"Mrs. William Glasgow of Chestnut Hill, PA, Mrs Margaret Wright of Newport, RI",
3,"Mr. Richard M. Cadawalder, Mrs. Richard M. Cadawalder","Emily Cadwalder, nee Roebling"
4,"Dr. Ogden f. Edwards, and Mrs. Ogden f. Edwards",\*\*\*
6,"William H. Dunning, Jr. \+ 9",
7,"William H. Dunning, Jr. \+ 9",
8,"William H. Dunning, Jr.",
10,"William H. Dunning, Jr. \+ 9",
12,Walter C. Teagle,President of Standard Oil of New Jersey
12,James A. Moffett,Vice President of Standard Oil of New Jersey
12,"Sir John Cadman (Chairman of Anglo Persian Oil Company, Chairman Iraqi Petroleum Company",
12,Director Suez Canal Company),
12,Basil R. Jackson,Anglo Persian Oil Company representative in USA
12,William M. Fraser,Managing Director of Anglo Persian Oil Company
12,Robert I. Waston (Managing Director of the Burmah Oil Company,
12,Director of Anglo Persian Oil Company,
12,the Shell Trading Company),
14,Herbert Hoover,POTUS
14,Lou Hoover,First Lady
14,Dr. Vernon Kellogg,zoologist
14,Dr. Robert A. Millikan,physicist
14,Captain Russell Train,Naval Aide
14,Colonel Campbell B. Hodges,Military Aide
14,Captain Joel T. Boone,White House physician
14,Richard Jervis,White House Secret Service chief
15,Robert P. Lamont,Secretary of Commerce
15,Pierre Laval,French Premier
15,Paul Claude,French Ambassador
15,Josette Laval,daughter of Pierre Laval
16,President Herbert Hoover,POTUS
16,Lou Hoover,First Lady
17,Herbert Hoover,POTUS
17,Clarence Mott Wooley,"President of American Radiator Company, now known as American Standard Companies"
17,Arthur M. Hyde,Secretary of Agriculture
17,Patrick J. Hurley,Secretary of War
17,Henry Mauris Robinson (Los Angeles banker,
17,member Dawes Commission),
17,Walter Ewing Hope,Former Assistant Secretary of the Treasury
17,Will Irwin (author,
17,Hoover’s Stanford friend),
17,Walter H. Newton,personal secretary to President Hoover
17,Captain Joel Thompson Boone,White House physician
18,Herbert Hoover,POTUS
18,Lou Hoover,First Lady
18,Harlan F. Stone,Supreme Court Justice
18,Senator Warren Austin,R-VT
18,Mark Sullivan),journalist
18,Captain Joel T. Boone,White House physician
18,Laurence Richey,Secretary to the President
18,Captain William Coad,Captain of Sequoia
19,Henry L. Roosevelt,Assistant Secretary of the Navy
20,Franklin Delano Roosevelt,POTUS
20,Eleanor Roosevelt,First Lady
20,Ramsay MacDonald,UK Prime Minister
20,Ishbesl MacDonald,Ramsay MacDonald’s daughter
20,Sir Robert Vansittart,Permanent Under-Secretary at the Foreign Office
20,"Mr. Barlow, Mr. Rowlston, Col. Louis M. Howe",Secretary to the President
20,"James Roosevelt, Capt. Walter N. Vernou",Naval Aide
20,R.C. Wood,Secret Service
20,"August ""Gus"" Adolph Gennerich",Secret Service
21,Franklin Delano Roosevelt,POTUS
21,Eleanor Roosevelt,First Lady
21,"Mr. James Roosevelt and Mrs. James Roosevelt (Betsey Roosevelt, née Cushing",and later Whitney
21,Col. Louis M. Howe,Private Secretary to the President
21,Miss Nancy Cook (close friend,
21,Sec. to Eleanor Roosevelt),
21,"Marguerite Alice ""Missy"" LeHand",Private Sec. to Pres.
21,Mrs. Schroeder,Sec. to Eleanor
21,Miss Robins,
21,Miss Marion Dickerman (suffragist,
21,Principal of The Todhunter School),
21,Molly Goodwin,a physical education teacher at the Todhunter School
21,"the following 7 girls from the Todhunter School \- Jane Holmes, Adelaide Moffett, Peggy Ladds, Inez Alexander, Betty Cook, Joan Strahan",
21,"Jean Gibbs, Capt. Walter N. Vernou",Naval Aide
21,"August ""Gus"" Adolph Gennerich",Secret Service
21,G. Dresser,Secret Service
22,Franklin Delano Roosevelt,POTUS
22,Eleanor Roosevelt,First Lady
22,"Mr. B. McFadden, Marguerite Alice ""Missy"" LeHand, Col. Louis Howe",Secretary to the President
22,"Mrs. Mortimer, Misses Marya, Cippoli, Mary Holmes, Mr. Stephen Early",White House Press Secretary
22,Capt. Walter N. Vernou,Naval Aide
22,Messrs. Colon,Secret Service
22,"and August ""Gus"" Adolph Gennerich",Secret Service
23,Franklin Delano Roosevelt,POTUS
23,Henry L. Roosevelt,Asst. Sec. of Navy
23,Lewis Williams Douglas,Director of Budget
23,"Marguerite Alice ""Missy"" LeHand, Capt Walter N. Vernou",Naval Aide
23,and Agent Wood,Secret Service
24,Franklin Delano Roosevelt,POTUS
24,William H. Woodin,Secretary of Treasury
24,Rear Adm. Cary T. Grayson,Medical Corps
24,"Marguerite Alice ""Missy"" LeHand, Capt. Walter N. Vernou",Naval Aide
24,James A. Hollinger,Secret Service
24,5/28/1933 Mr. James Roosevelt,
24,Mrs. James Roosevelt,Betsey Cushing Roosevelt Whitney
24,and Mr. John Sargent,Partners with James Roosevelt in insurance and liquor business
25,Franklin Delano Roosevelt,POTUS
25,Senator Joseph Taylor Robinson (D-AR,
25,Majority Leader),
25,Mrs. Robinson,"Ewilda “Billy” Grady Robinson, née Miller"
25,Capt. Walter N. Vernou,Naval Aide
25,Mr. Jonas Lie),
25,"Miss Sonja “Mimsy” Lie (Jonas Lie’s daughter, Col. Louis M. Howe",Secretary to the President
25,"Marguerite Alice ""Missy"" LeHand",
25,Miss Grace G. Tully,Assistant to Missy LeHand
25,Miss Paula Tully,Grace Tully’s sister who also worked in the White House
25,Mr. Clark,Secret Service
26,Capt. Walter N. Vernou,Naval Aide
26,Col. Louis Howe,Secretary to the President
26,Miss Grace Tully,
26,Miss Paula Tully,Grace Tully’s sister who also worked in the White House
26,Mr. Stephen Early,
26,Mrs. Early,"Helen Early, née Wrenn"
26,Mr. Hartley Howe,
26,Miss Mary Holmes,
26,Miss Helen Early,Stephen Early’s daughter
26,Stephen T. Early Jr,Stephen Early’s son
26,Mr. Robert Baker,
26,Mrs. Baker,"Mary Baker, née Howe"
26,David C. Stewart Jr.,
27,Henry L. Roosevelt,Asst. Sec. of Navy
27,Mr. Morrow Roosevelt,Son of Mr. and Mrs. H.L Roosevelt
27,"Mr. Trobridge Roosevelt, Eleanor Roosevelt",First Lady
27,"Miss Sallie Gardner, Mr. John Wilkins, Lt. Cmdr. Aaron S. Merrill “Tip”",Aide to Asst Sec. Roosevelt
28,Claude Augustus Swanson,Sec. of the Navy
28,Admiral Mark Bristol,
28,"Mrs. Bristol, Mr.",
28,"Mrs. M.L. Oden, Mr. G. Hall",
29,Henry L. Roosevelt,Asst. Sec. of Navy
29,eight unnamed guests,
30,Sec. of Navy Claude Swanson with Mr. Douglas Hall,Secretary Swanson’s step-son
30,Captain,
30,"Mrs. Wood, The Misses White",
30,"Miss Lindsey, Mr. Bob Walker, Mr. Oden",
31,"Captain Walter Vernou commanded Sequoia, assisted by Wilbur Carr, Francis White",
31,William Dawson of the State Department.,
32,Franklin Delano Roosevelt,POTUS
32,Homer Stille Cummings,Attorney General
32,Col. Louis M. Howe,Secretary to the President
32,Capt. Walter N. Vernou,Naval Aide
32,"Mr. Grady, Marguerite Alice ""Missy"" LeHand, August ""Gus"" Adolph Gennerich",
32,Mr. Towslee,Secret Service
33,Franklin Delano Roosevelt,POTUS
33,Mr. Henry Wallace,Secretary of Agriculture
33,Col. Louis M. Howe,Secretary to the President
33,"Marguerite Alice ""Missy"" LeHand, August ""Gus"" Adolph Gennerich",
33,James A. Hollinger,Secret Service
33,Harold Ickes,Secretary of the Interior
34,Prince Ras Desta Damtew,Special Ambassador of the Emperor of Ethiopia
34,"Rear Admiral H.V. Butler, Alla Paulos Mancmanos",Prince’s Equerry
34,Mr. Jefferson Patterson,State Department
34,Mr. Kinsey,State Department
34,Major H. Duncan Brown,aide-de-camp to Prince
35,Franklin Delano Roosevelt,POTUS
35,Warren Delano Robbins,U.S. Minister to Canada
35,"Marguerite Alice ""Missy"" LeHand, Capt. Walter N. Vernou",Naval Aide
35,"August ""Gus"" Adolph Gennerich",
35,Towslee,Secret Service
36,Franklin Delano Roosevelt,POTUS
36,Harry L. Hopkins,Administrator of the Federal Emergency Relief Administration
36,"Marguerite Alice ""Missy"" LeHand",
36,"Miss Donelly, Capt. Walter N. Vernou",Naval Aide
36,"James Roosevelt, Marshall Rawle",Harvard friend of James Roosevelt
38,Franklin Delano Roosevelt,POTUS
38,Eleanor Roosevelt,First Lady
38,Mr. Lewis Douglas,Director of the Budget
38,Anna Eleanor “Sistie” Roosevelt Dall,"Granddaughter of FDR, Anna Roosevelt Halsted’s daughter"
38,and Curtis “Buzzie” Roosevelt Dall,Grandson of FDR Anna Roosevelt Halsted’s son
39,Franklin Delano Roosevelt,POTUS
39,Eleanor Roosevelt,First Lady
39,"Mrs. Isabella S. Greenway, Eugene R. Black",Governor of the Federal Reserve Bank of Atlanta
39,"Anna Roosevelt Dall Boettiger Halsted, Anna Eleanor “Sistie” Roosevelt Dall",
39,"Curtis “Buzzie” Roosevelt Dall, Lorena Alice ""Hick"" Hickok",
39,Miss Jane Dixon,New York Telegram?
39,"Marguerite Alice ""Missy"" LeHand, Capt. Walter N. Vernou",Naval Aide
39,"Nurse Besse Williams, August ""Gus"" Adolph Gennerich",
39,James A. Hollinger,Secret Service
40,"Franklin Delano Roosevelt (POTUS, Eleanor Roosevelt",First Lady
40,Mr. Harry L. Hopkins,
40,Mrs. Hopkins,"Barbara Hopkins, née Duncan"
40,"Lorena Alice ""Hick"" Hickok, Marguerite Alice ""Missy"" LeHand, Capt. Walter N. Vernou",Naval Aide
40,"August ""Gus"" Adolph Gennerich",Secret Service
40,Mr. Clark,Secret Service
41,Franklin Delano Roosevelt,POTUS
41,Eleanor Roosevelt,First Lady
41,"Henry Morgenthau, Jr.",Secretary of the Treasury
41,Capt. Walter N. Vernou,Naval Aide
41,Kirk Simpson,"Reporter, United Press International"
41,Harry L. Hopkins,Administrator of the Federal Emergency Relief Administration
41,"Tom Connally, Marvin H. McIntyre",from KY
42,"Franklin Delano Roosevelt, Marguerite Alice ""Missy"" LeHand, Eleanor Roosevelt",First Lady
42,"Lorena Alice ""Hick"" Hickok (close friend of Eleanor Roosevelt",
42,chief investigator for the Federal Emergency Relief Administration),
43,Franklin Delano Roosevelt,POTUS
43,Eleanor Roosevelt,First Lady
43,"Marguerite Alice ""Missy"" LeHand, Lorena Alice ""Hick"" Hickok",
44,Franklin Delano Roosevelt,POTUS
44,Eleanor Roosevelt,First Lady
44,Col. Louis M. Howe,Secretary to the President
44,"Marguerite Alice ""Missy"" LeHand",
45,Franklin Delano Roosevelt,POTUS
45,Eleanor Roosevelt,First Lady
45,Dr. Harvey Cushing,
45,Mrs. Cushing,"Katharine Stone Cushing, née Crowel"
45,"James Roosevelt, Mrs. James Roosevelt (Betsey Roosevelt, née Cushing",and later Whitney
45,"Mary Benedict ""Minnie"" Cushing",
46,Japanese Prince Kaya,
46,Princess Kaya with Imperial Party,
47,Franklin Delano Roosevelt,POTUS
47,"Prof. Raymond Moley, Mr. Stephen T. Early",press secretary
47,"Marguerite Alice ""Missy"" LeHand, Grace Tully",
48,Franklin Delano Roosevelt,POTUS
48,"Henry Morgenthau, Jr., Harry L. Hopkins, Prof. Raymond Moley, Donald Richberg",General Counsel & Executive Director: National Recovery Administration
49,Franklin Delano Roosevelt,POTUS
49,"Col. Edwin ""Pa"" Watson",Senior Military Aide
49,"Marguerite Alice ""Missy"" LeHand, Grace Tully, Harry Hooker (Former Army Major",
49,Former Law Partner of FDR),
49,Capt. Wilson Brown),Naval Aide
50,Franklin Delano Roosevelt,POTUS
50,"Henry Morgenthau, Jr.",Secretary of the Treasury
50,George Harrison,President of the Federal Reserve Bank of New York
50,Rear Adm. Cary T. Grayson (Chairman of the American Red Cross,
50,Former Surgeon of Presidential Yacht Mayflower),
50,Capt. Wilson Brown) (Navel Aide,
50,former captain of the Presidential yacht Mayflower),
51,Franklin Delano Roosevelt,POTUS
52,Franklin Delano Roosevelt,POTUS
52,"James Roosevelt, Harry L. Hopkins",Administrator of the Federal Emergency Relief Administration
52,Joseph P. Kennedy (Chair of the Securities,
52,Exchange Commission),
52,"Edward Moore, Prof. Ray Moley, Misses Margaret Lynch ""Daisy"" Suckley, Virginia Livingston Hunt",distant cousin of Eleanor
52,"August ""Gus"" Adolph Gennerich",Secret Service
52,Paul Hart,Secret Service
53,Franklin Delano Roosevelt,POTUS
53,Eleanor Roosevelt,First Lady
53,and Curtis “Buzzy” Roosevelt Dall,Grandson of FDR
53,Mr. Ed Flynn,
53,Mrs. Flynn,"Helen Margaret Flynn, née Jones"
53,"Prof. Raymond Moley, Marguerite Alice ""Missy"" LeHand, Chief Pharmacist George A. Fox",US Navy medic
53,"August ""Gus"" Adolph Gennerich",Secret Service
53,James A. Hollinger,Secret Service
54,Franklin Delano Roosevelt,POTUS
54,"Rear Admiral Richard Byrd, Anna Roosevelt Dall Boettiger Halstead (Daughter of FDR",
54,Eleanor Roosevelt),
54,Anna Eleanor “Sistie” Roosevelt Dall,Granddaughter of FDR
54,and Curtis “Buzzy” Roosevelt Dall,Grandson of FDR
54,Dr. Ross T. McIntire,Physician to the President
54,Capt. Wilson Brown),Naval Aide
56,Mr. Clarence John Boettinger,
56,Mrs. Boettiger (Anna Roosevelt Dall Boettiger Halstead \- Daughter of FDR,
56,Eleanor Roosevelt),
56,Anna Eleanor “Sistie” Roosevelt Dal,Granddaughter of FDR
56,and Curtis “Buzzy” Roosevelt Dall,Grandson of FDR
56,"Miss Ethel DuPont, Mrs. Scheider",Private Secretary to Eleanor Roosevelt aka Malvina “Tommy” Thompson Schneider
56,Mrs. James Roosevelt,Betsey Cushing Roosevelt Whitney
56,Mrs. Louis Howe,"Grace Howe, nee Hartley"
56,Mr. Harry L. Hopkins,
56,Mrs. Hopkins,"Barbara Hopkins, née Duncan"
56,Mr. Rexford Tugwell,
56,Mrs. Tugwell,"Florence Tugwell, née Arnold"
56,Mrs. Wilson Brown,"Lydia Brown, nêe Ballou"
56,Mrs. Donner Roosevelt,ex-wife of Elliot Roosevelt
56,Mrs. John Greenway,"Rep. Isabella Greenway, née Selmes"
56,Jack Greenway,Isabella Greenway’s son
56,Joan Morgenthau,"Henry Morgenthau Jr,’s daughter"
56,"Henry Osthagen, Delia Heming, Mr. Eddie Peabody and Mrs. Eddie Peabody","Maude Peabody, nee Kelly"
56,Admiral Greyson,Chairman of the Red Cross
57,Franklin Delano Roosevelt,POTUS
57,Mr. James Roosevelt,
57,Mrs. James Roosevelt,Betsey Cushing Roosevelt Whitney
57,Mrs. Donner Roosevelt,ex-wife of Elliot Roosevelt
57,"Robert Brownell, Capt. Wilson Brown)",Naval Aide
58,Franklin Delano Roosevelt,POTUS
58,"Hampton Robb, Jack L. Warner, Dr. Ross T. McIntire",Physician to the President
58,"Marguerite LeHand, Capt. Wilson Brown)",Naval Aide
58,Charles West,White House Congressional Liaison
58,"August ""Gus"" Adolph Gennerich",Secret Service
59,Eleanor Roosevelt,First Lady
59,Barbara Cushing,"lka Barbara ""Babe"" Paley"
59,"Ethel DuPont, Mrs. John Knowlton, John Roosevelt, James Roosevelt, Mrs. James Roosevelt",Betsey Cushing Roosevelt Whitney
59,"FDR, Marguerite Alice ""Missy"" LeHand, Felix Frankfurter, August ""Gus"" Adolph Gennerich",Secret Service
59,James A. Hollinger,Secret Service
59,"Hampton Robb, J.J. Ryan, John Gay, G.F. Tyler Jr., Henry Stuart Hooker, Franklin Delano Roosevelt, Jr., D. E. Jackson Jr., N.T. Clark, T. B. Husband, Mr.",
59,"Mrs. Allen, J.N. Lyons, Henry Kirke Cushing, Mary Cushing, Marvin H. McIntyre",Presidential Secretary
60,Franklin Delano Roosevelt,POTUS
60,Senator Hiram W. Johnson,R-CA
60,R. Walton Moore,Asst. Sec. of State
60,Misses Barbara Jane “Babe”,
60,Margaret Frances Farwell,twin nieces of Marguerite A. “Missy” LeHand
60,"Chief Pharmacist George A. Fox, August ""Gus"" Adolph Gennerich",Secret Service
60,Paul Hart,Secret Service
61,Franklin Delano Roosevelt,POTUS
61,John Nance Garner,Vice President
61,James A. Farley,Postmaster General
61,Senator Joseph T. Robinson (D-AR,
61,Majority Leader),
61,Senator Key Pittman (D-NV,
61,Chairman of the Senate Foreign Relations Committee),
61,"Rep. Joseph Wellington ""Jo"" Byrns Sr. (D-TN",
61,Speaker of the House),
61,"August ""Gus"" Adolph Gennerich",Secret Service
61,Paul Hart,Secret Service
61,Chief Pharmacist George A. Fox,US Navy
61,Rep. Sam Rayburn (D-TX,
61,Chairman of the Commerce Committee),
61,Senator Alben Barkley,D-KY
61,R.C. Woods,Secret Service
62,Franklin Delano Roosevelt,POTUS
62,Mr. Homer S. Cummings,Attorney General
62,"Marguerite Alice ""Missy"" LeHand, Capt. Wilson Brown)",Naval Aide
62,Mrs. James Roosevelt,Betsey Cushing Roosevelt Whitney
62,"Franklin D. Roosevelt, Jr, August ""Gus"" Adolph Gennerich",Secret Service
62,Paul Hart,Secret Service
62,James Roosevelt arrived on July 20,
63,Franklin Delano Roosevelt,POTUS
63,Mr. John R. McCarl,Comptroller General
63,"Col. Henry L. Roosevelt, Dr. Ross T. McIntire",Physician to the President
63,"Marguerite Alice ""Missy"" LeHand, Grace G. Tully",
64,Franklin Delano Roosevelt,POTUS
64,Senator Burton K. Wheeler,D-MT
64,Colonel J. Monroe Johnson,Assistant Secretary of Commerce
64,"Marguerite Alice ""Missy"" LeHand, Gus A. Gennerich",Secret Service
64,Paul Hart,Secret Service
64,Ch. Phrm. George A. Fox,US Navy
65,Franklin Delano Roosevelt,POTUS
65,Senator James F. Byrnes,SEN-SC
65,Senator Alben W. Barkley,SEN-KY
65,"Harry L. Hopkins, Marguerite Alice ""Missy"" LeHand, Capt. Wilson Brown)",Naval Aide
65,"August ""Gus"" Adolph Gennerich",Secret Service
65,Paul Hart,Secret Service
65,Ch. Phrm. George A. Fox,US Navy
65,John Roosevelt,
66,Dr. Guillermo Patterson,Ambassador of Cuba
66,"his two daughters, Jose Manuel Casanova, Antonio Anton, Rafael Maria Angulo, Jose F. Barraque, German Beci, Alfredo O. Ceberio, Mr.",
66,"Mrs. Conde del Rivero, Georgina Mendez DeVigo, Edelberto Farres, Angel Garri, Guillermo Perez Lavielle, Agustin Lazo, Arterra M. Manas, Hugo Mamelis, Ceferino Martinez, Julio Mederos, Benigno Rodriguez Sanchez, E.W. Reed, J.C. Holmes, J.H. Lord, Paul Daniels, J. Flexer, H. Trueblood.",
67,Franklin Delano Roosevelt,POTUS
67,Henry Morgenthau Jr.,Sec. of the Treasury
67,Mr. Homer S. Cummings,Attorney General
67,"Felix Frankfurter, Marguerite Alice ""Missy"" LeHand, Grace G. Tully, Capt. Wilson Brown)",Naval Aide
67,"August ""Gus"" Adolph Gennerich",Secret Service
67,Roland Clark,Secret Service
68,Claude A. Swanson,Sec. of Navy
68,Captain and Mrs.,Frank?
68,Miss Virginia Voeth,
68,"Miss Eleanore Peirce, Mr. O.J. Sands, Mr. Roger Coolidge, Mr. Douglas Hall",
69,Claude A. Swanson,Sec. of Navy
69,"Mr. Douglas Hall, Mrs. Woodrow Wilson",Edith Bolling Wilson
69,Captain Frank Fletcher,
69,Mrs. Fletcher,"Martha Fletcher, née Richards"
69,"Col. H.G. Davids, Mrs. Davids, Mrs. Albert Niblack",Mary Augusta Harrington
69,"Mrs. Henry Miller, Mrs. Carolyn Martin",
69,Miss Anne Carter Greene,
69,"Miss Leila Peoples, Mr. Fielding L. Williams, Mr. O.T. Jamerson",
70,Admiral William Harrison Standley,Chief of Naval Operations
70,Mrs. Claude A. Swanson,"Lulie Swanson, née Lyons"
70,Admiral Louis A. Johnson,
70,Mrs. Johnson,"Ruth Johnson, née Maxwell"
70,Admiral Christian J. Peoples,
70,Mrs. Peoples,
70,General John H. Russell,Commandant of the Marine Corps
70,General Louis McCarty Little,Asst. Commandant of the Marine Corps
70,Miss Mary White,
70,"Miss Mary D. Cook, Mr.",
70,"Mrs. Allen D. Randolph, Mr. O.F. Jamerson, Mrs. Fielding L. Williams",
70,Mr. Douglas Hall came aboard.,
71,Franklin Delano Roosevelt,POTUS
71,Henry A. Wallace,Secretary of Agriculture
71,"Marguerite Alice ""Missy"" LeHand",
71,Senator George L.P. Radcliffe,D-MD
74,Secretary of the Navy,Swanson?
74,Admiral Chester W. Nimitz,
74,his family including daughter Nancy,
76,Frank Knox,Sec. of Navy
76,Captain Morton Deyo,naval aide to Sec. of Navy
76,James Forrestal,Special Asst. to the President
77,Frank Knox,Sec. of Navy
77,"William J. Donovan, Edgar Ansel Mowrer",Former Bureau Chief of Knox’s paper the Chicago Daily News
77,Admiral Harold Rainsford “Betty” Stark,chief of naval operations
77,brigadier general Sherman Miles,head of the Military Intelligence Division of the U.S. Army
78,Frank Knox,Secretary of the Navy
78,Lieutenant Robert Henry Rice,*Sequoia* captain
79,Frank Knox,Secretary of the Navy
79,Judge Robert Patterson,Undersecretary of War
79,John J. McCloy,Asst. Secretary of War
79,Robert A. Lovett,Asst. Secretary of War for Air
80,"Frank Knox, Lord Halifax",British Ambassador
80,Dorothy Onslow,Viscountess Halifax
80,Capt. Frank E. Beatty,USN
80,"Mrs. Beatty, Adlai Stevenson",
81,Frank Knox,Secretary of the Navy
81,Senator Styles Bridges,R-NH
81,Senator Wallace H. White,R-ME
83,Felix Frankfurter,Supreme Court Justice
83,Lord Halifax,British Ambassador to the United States
84,Frank Knox,Secretary of the Navy
84,[Albert \[Lasker\]],https://en.wikipedia.org/wiki/Albert_Lasker
85,Frank Knox,Secretary of the Navy
85,"Donald Nelson and Admiral Sherman, [Albert \[Lasker\]]",https://en.wikipedia.org/wiki/Albert_Lasker
86,Frank Knox,
86,Mrs. Knox,Annie Reid Knox
87,"\[Frank Knox?\], John J. McCloy",Asst. Secretary of War
87,Ralph Austin Bard,Assistant Secretary of the Navy
87,Sec. Robert A. Lovett,Asst Secretary of War for Air
87,Admiral William Harrison Standley,
88,James Forrestal,Deputy Sec. of Navy
88,"Major Lawson, Col. C. V. Whitney",close friend of Forrestal who landed on Iwo Jima with Forrestal
89,James Forrestal,Deputy Sec. of Navy
89,Kimon Diamantopoulos,Greek Ambassador
89,Adm. William W. Smith) and Mrs. Smith,"Elizabeth Smith, née Purdy"
90,James Forrestal,Deputy Sec. of Navy
91,James Forrestal,Deputy Sec. of Navy
92,James Forrestal,Deputy Sec. of Navy
92,Mrs. Warren Robbins,"Irene Delano Robbins, née de Bruyn"
92,Gen. Charles Lindemann,
93,James Forrestal,Deputy Sec. of Navy
93,Robert P. Patterson,Under Secretary of War
94,John J. McCloy,Asst. Secretary of War
95,James Forrestal,Sec. of Navy
95,Ambassador Carlos Martins Pereira e Souza,
95,"Mrs. Martins, daughter of Brazilian Ambassador, Mr. Jesse Jones",
95,his wife,"Mary Jones, née Gibbs"
95,"Mrs. Longworth, Stewart Symington, Mme. Soong, Gen. Lindemann",British Embassy
95,Cdr. Alan Brown,2 regrets
96,James Forrestal,Sec. of Navy
96,"Gen. George C. Marshall, Gen. Henry Harley ""Hap"" Arnold, Gen. Brehon B. Somervell, Secs. Robert A. Lovett, Ralph Austin Bard, John J. McCloy, Artemus Lamb Gates",
96,"Adms. Ernest King, Frederick J. Horne, Aubrey Fitch",
96,"C. E. Wilson, Judge Patterson, Adm. Arthur W. Radford, Adm. Samuel Murray Robinson",Sec. Stimson regrets
97,James V. Forrestal,Secretary of the Navy
97,Admiral William Leahy (White House Chief of Staff,
97,former Ambassador to Vichy France),
97,Edward Stettinius,Under Secretary of State
97,John McCloy,Under Secretary of War
97,Jean Monnet (advisor to FDR,
97,member De Gaulle's government in exile),
98,James Forrestal,Sec. of Navy
98,Senator Leverett Saltonstall,R-MA
98,Chairman of the Senate Committee on Finance),
99,James Forrestal,Sec. of Navy
99,Rep J.W. Fulbright,D-AR
100,James Forrestal,Sec. of Navy
100,Rep. John Taber,R-NY
101,John J. McCloy,Asst. Secretary of War
101,Mrs. Betty Gibbs,Attache on British Embassy staff
101,Ralph Austin Bard,Assistant Secretary of the Navy
102,James Forrestal,Secretary of the Navy
102,John J. McCloy,Asst. Secretary of War
102,unknown,
103,James Forrestal,Secretary of the Navy
103,John J. McCloy,Asst. Secretary of War
103,unknown,
104,Harry S. Truman,POTUS
104,W.L.M. King,PM of Canada
104,Clement Attlee,PM of UK
104,James Byrnes,Sec. of State
104,Fleet Admiral William D. Leahy,Chief of Staff to the Commander in Chief
104,Lord Halifax,Ambassador from UK
104,Lester Bowles Pearson,Ambassador from Canada
104,Sir John Anderson,Chairman of British Atomic Energy Committee
105,"Joseph E. Davies, Harry S. Truman",POTUS
106,James Forrestal,Secretary of the Navy
107,James Forrestal,Secretary of the Navy
107,George F. Kennan,\*\*\*
107,Charles E. “Chip” Bohlen,\*\*\*
108,James Forrestal,Secretary of the Navy
108,Secretary Robert P. Patterson,Secretary of War
108,Ferdinand Eberstadt (Chairman of the Army,
108,Navy Munitions Board,
108,Vice Chairman of the War Productions Board),
108,General Thomas T. Handy,"Deputy Chief of Staff, United States Army"
109,"General Dwight David Eisenhower, U.S. Fleet Admiral Chester W. Nimitz",
109,General Carl Spaatz,
109,British Field Marshal Bernard Law Montgomery “Monty”,
110,Fred M. Vinson,"Chief Justice June 21, 1946 – September 8, 1953"
110,Clark M. Clifford,Asst. Naval Aide to President
111,Capt. William R. Smedberg III,aide to Secretary of the Navy
111,General Hoyt S. Vrandenberg,Director of Intelligence on the War Department general staff
112,James Forrestal,Secretary of the Navy
112,Admiral Sir Charles Daniel) (Third Sea Lord,
112,Controllers of the \[British\] Navy),
113,James Forrestal,Secretary of the Navy
113,Senator Leverett Saltonstall,R-MA
113,Walter George (D-GA,
113,Chairman of the Senate Committee on Finance),
114,Harry S. Truman,POTUS
114,General Dwight Eisenhower,Chief of Staff of the Army
114,Chester Nimitz,Chief of Naval Operations
114,Robert Porter Patterson Sr.,Secretary of War
114,James Forrestal,Secretary of the Navy
114,Kenneth Royall,Secretary of the Army
114,John L. Sullivan),Under Secretary of the Navy
114,Mr. Richard R. Dupree (CEO Procter & Gamble,
114,retiring chairman of the Joint Army And Navy Munitions Board),
114,nineteen others,
115,James Forrestal,Secretary of the Navy
116,James Forrestal,Secretary of the Navy
116,Lyndon B. Johnson,D-TX
116,"Admiral Raymond Spruance, other politicians",
116,navy brass?,
117,General Dwight D. Eisenhower,Chief of Staff of the Army
118,James Forrestal,Secretary of the Navy
119,James Forrestal,Secretary of the Navy
120,James Forrestal,**Secretary of Defense**
121,Admiral Chester W. Nimitz,
123,Dean Acheson,Secretary of State
123,Louis Arthur Johnson,Secretary of Defense
124,"Secretary of Defense Charles E. Wilson, Deputy Secretary of Defense Robert M. Kyes, Assistant Secretary of Defense Wilfred J. McNeil",
124,Mrs. McNeill,"Olga McNeil, née Harris"
124,Secretary of the Navy Robert B. Anderson,
124,Mrs. Anderson,"Elizabeth “Lizzy” Anderson, née Haskew"
124,Secretary of Army Robert T. Stevens,
124,Mrs. Stevens,Dorothy Stevens
124,Chief of Naval Operations William M. Fechteler,
124,Mrs. Fechteler,"Goldye Fechteler, née Stevens"
124,Vice Admiral Arthur C. Davis,
124,Mrs. Davis,Eunice M. Davis
124,Legal Adviser to the State Department Herman Phleger,
124,Mrs. Phleger,Mary Elena Phleger
124,Aid to Chief of Naval Operations Lt. Cmdr. Louis L. Meier,
124,Mrs. Meier,Eleonora Meier?
124,Aid to Chief of Naval Operations Lt. Cmdr. Edward Winslow,
124,Mrs. Winslow,
124,Miss Joan Fechteler,daughter of Chief of Naval Operations
125,Robert Bernard Anderson,Dep. Sec. of Defense
125,Representative Lloyd Bentsen,D-TX
125,Sam Rayburn,House Minority Leader
125,Lyndon Baines Johnson,Senate Minority Leader
125,"Oveta Culp Hobby (Secretary of Health, Education",
125,Welfare),
125,William Pettus Hobby,former Gov. of Texas
126,Robert Cutler,National Security Advisor
126,Walter Bedell Smith,Under Secretary of State
126,Allen Dulles,Director of CIA
126,John Foster Dulles,Secretary of State
127,"Bedell Smith, members and principal assistants of OCB, Allen W. Dulles (Director of Central Intelligence",DCI
128,Grace Craycroft Carney,
128,Mrs. Ralph Ofstie,
128,members of the Navy Relief Ball Committee.,
129,Senator Lyndon B. Johnson,Senate Majority Leader D-TX
129,Robert Bernard Anderson,Deputy Sec. of Defense
129,various journalist from Texas,
130,Mrs. Nu,"Mya Yi, wife of Premier of Burma"
130,Pat Nixon,Second Lady
130,Mrs. Dulles),wife of Secretary of State
130,other Cabinet wives,
131,Murray Snyder,Pentagon press secretary
131,his children,
132,Neil McElroy,Secretary of Defense
132,Lord Mountbatten,Chief of British Defence Staff
133,Adolfo Lopez Mateos,President of Mexico
133,​​Eva Samano de López Mateos,first lady of Mexico
135,Mrs. Yvonne de Gaulle,
136,Christian A. Herter,Secretary of State
137,Arleigh Burke,Chief of Naval Operations
137,T. Keith Glennan,NASA Administrator
138,Robert Keith Gray,White House Cabinet Secretary
138,George Becker),cabinet assistant for Commerce
138,Lome Kennedy,Interior Department
138,Emil Reutzel,Nebraska newspaper editor on leave cabinet representative of Office of Civil Defense Mobilization Governor Hoegh
138,"Oliver Gale, (Defense Secretaries McElroy",
138,Gates at the cabinet debriefing sessions),
138,"Dick Schwartz, Labor Department representative John Cushman",DOJ
139,John F. Kennedy,POTUS
139,Harold Macmillan,British PM
139,Capt. Tazewell Shepard,JFK’s Naval Aide
140,Lyndon B. Johnson,Vice President
140,John Connally,Secretary of the Navy
141,Lyndon B. Johnson,Vice President
141,Nguyễn Đình Thuận,Secretary of State under President Ngo Dinh Diem of South Vietnam
141,others,
142,Ayub Khan),President of Pakistan
143,Lyndon B. Johnson,Vice President
143,Lady Bird Johnson,Second Lady
143,Walter,
143,"Marjorie, Mrs. West, Mr.",
143,"Mrs. Thornberry, Bob Waldron MMW, Jean",
143,"Rep. Frank N. Ikard, Mr.",
143,"Mrs. Frank Russell, Lynda, Pam",
143,"dates., Dick Bird",
144,LBJ,Vice President
144,Mrs. Johnson,
144,Angier Biddle Duke,Chief of Protocol
144,Sen Dirksen,
144,Sen,
144,Mrs. McGee,
144,Senator Bible,
144,"MMW , Bob Waldron",Secretary to LBJ
144,Lynne Machado,
144,Captain,
144,Mrs. Dick Bird,
144,"Lynda, Lucy, Roxanne",
144,Nita Louise,
144,dates,
144,Bobby Baker,
144,wife.,
145,"LBJ, Gov. Ellington, Sec. Connally, Sen. Smathers, Sen. Talmadge, Sen. Cannon, Sen. Dodd, Sen. McCarthy, Sen. Ellender, Sen. Hickey, Sen. Jordan, Sen. Randolph, Sen. Mansfield, Sen. Dirksen, Sen. Engle, Sen. Long, Sen. Bible, Sen. Kuchel, Sen. Hartke, Mr. Clifford, Mr. Banker, Cong. Albert, Cong. Byrnes",
145,Captain Bird,
146,"LBJ, Secretary of Navy, in honor of Marine of Mexico",
147,Abraham Ribicoff (Secretary of Health,
147,"Human Services) \[rest of cabinet\], \[certain Senior White House staff\]",
148,Souvanna Phouma,Prime Minister of Laos
148,Fred Korth,Secretary of Navy
149,"JFK, LBJ",
150,"Paul ""Red"" Fay",Assistant Secretary of the Navy
150,Mrs Paul Fay,"Anita Fay, nee"
150,Charles Addams,Cartoonist
150,Joan de Beauvoir de Havilland,aka Joan Fontaine \- actress
151,"JFK and Jackie Kennedy, RFK",Attorney General
151,"Senator Edward ""Ted"" Kennedy and Virginia Joan Bennet Kennedy, Mr. Peter E. Smith and Mrs. Gene Kennedy Smith, Paul “Red” Fay",Undersecretary of Navy
151,Charles L. Bartlett),journalist
151,Charles Spalding,Broadway producer
151,"K. LeMoyne “Lem” Billings, Clem Norton (MA-Pol",
151,friend of Honey Fitz),
151,Bill Walton),
151,Miss Enud Sztanko,Georgetown foreign language instructor
151,"Mrs. Josephine “Fifi” Laimbeer Fell, Clint Hill",Secret Service
151,Ron Pontius,Secret Service
151,Floyd Boring,Secret Service
152,"\[If there were 30 guests, this list 14 short\] JFK and Jackie Kennedy, RFK and Ethel Skakel Kennedy, Paul “Red” Fay",Undersecretary of Navy
152,Clark “Cooty” Wallace Thompson,
153,Orville L. Freeman,Secretary of Agriculture
153,"King Mohammed Zahir Shah of Afghanistan, Spark Matsunaga",SEN-HI
154,"Stewart Lee Udall, Ermalee Webb",wife of Secretary of Interior
154,Queen Humaira Begum of Afghanistan,
159,Earl Warren,Chief Justice of the Supreme Court
159,Levi Eshko,Prime Minister of Israel
160,"Mrs. Johnson, Mrs. Inonu, 25 guests: Mrs. Rusk, Billy Marcus, Jane Berkley, Carrie Davis",
160,"Lindy Boggs, Bethene Church, Betty Kukel, Betty Fulbright, Mrs. Catherine Bracken, Margie McNamara, Jane Freeman)",
160,"Mrs. Alfred Friendly, Mrs. G. Peter Shirus",Rosemary
160,"Hope Ridings Miller, Mrs. Drew Pearson, Mrs. Menemencioglu",
161,George Ball),Undersecretary of State
161,Ismet Inonu,PM of Turkey
162,George Ball),Undersecretary of State
162,Dean Acheson,Former Secretary of State
162,Robert McNamara,Secretary of Defense
162,Maxwell P. Taylor,"Chairman, Joint Chiefs of Staff"
162,Phillips Talbot,Assistant Secretary of State- NEA
162,Henry Richardson Labouisse Jr.,US Ambassador to Greece
162,John D. Jernegan,"Deputy Assistant Secretary of State, NEA"
162,George S. Springsteen,Special Assistant to the Under Secretary
162,Costopoulos,Greek Foreign Minister
162,Andreas Papandreou,Greek Minister Alternate of Economic Coordination
162,Ambassador Alexander A. Matsas,Greek Ambassador to US
163,Mrs. Yuk Young-soo,first lady of Korea
163,Mrs. Henry Fowler,
164,"Lady Bird Johnson, National Farm",
164,"Garden Club, Stu Udall, Jane Freeman, Libby Rowe, Bill Walton)",
164,"Mary Lasker, Kay Graham, Mrs. Kitty Haynes, Nash Castro, John Secondari, Mr.",
164,"Mrs. Victor Gruen, Frederick Gutheim, Francis Lethridge",
165,"LBJ, Mrs. Johnson",
165,"Senator \[Maguire?\], Mr.",
165,"Mrs. Bill White, Mary Lasher, Marianne \[X\]",
165,"Grant \[X\], Cong.",
165,Mrs. Carl Albert,Mary Harmon
165,Marie Fehmer,
166,Mrs. Rusk,wife of Secretary of State
166,Lee Udall,wife of Secretary of Interior
166,Mrs. Fowler,wife of Secretary of Treasury
166,Mrs. Freeman,wife of Secretary of Agriculture
166,Mrs. Connor,wife of Secretary of Commerce
166,Mrs. Wirtz,wife of Secretary of Labor
166,Mrs. Ackley,wife of Economic Planning Chief
166,wives of Japanese cabinet delegation led by Foreign Minister Etsusaburo Shiina,
168,"LBJ, Secretary Rusk, Secretary Thomas Mann, John Leddy",Asst Sec. of State
168,Jack Vaughn,Asst. Sec of State
168,"Leonard Marks, Ambassador Lloyd Hand, Jack Valenti, 35 Ambassadors: H.E. Sir Neville Noel Ashenheim",Jamaica
168,H.E. Ricardo E. Arias),Panama
168,Sir Patrick Dean,Great Britain
168,The Marquis de Merry DEL VAL,Spain
168,Gonzalo J. Facio,Costa Rica
168,Sergio Fenoaltea,Italy
168,H.E. Dr. Carlos Garcia-Bauer,Guatemala
168,H.E. Vasco Vieira Garin,Portugal
168,H.E. Hyun Chul Kim),Korea
168,H.E. Heinrich Knappstein,Germany
168,H.E. George R. Laking,New Zealand
168,H.E. Gustavo Larrea,Ecuador
168,H.E. Dato Ong Yoke Lin,Malaysia
168,H.E. Juracy M. Magalhães,Brazil
168,H.E. Hugo B. Margain,Mexico
168,H.E. Olavi Munnki,Finland
168,H.E. Sukich Nimmanheminda,Thailand
168,H.E. Dr. Juan Plate,Paraguay
168,H.E. Charles S.A. Ritchie),Canada
168,H.E. Julio Sanjines-Goitia,Bolivia
168,Dr. Guillermo Seville-Sacasa,Nicaragua
168,H.E. U On Sein,Burma
168,H.E. Chow Shu-Kai,China
168,H.E. Ricardo Midence Soto,Honduras
168,H.E. Ryuji Takeuchi,Japan
168,H.E. Andre Therd,Haiti
168,H.E. Radimiro Tomic,Chile
168,Dr. Eduardo Uribe,Colombia
168,H.E. John Keith Waller,Australia
168,H.E. Juan Felipe Yriart,Uruguay
168,Dr. Norbert Barrenechea,Argentina
169,"LBJ, Mrs. Johnson, Clinton",
169,"Henrietta Anderson, Mr.",
169,Mrs. Bill Moyers,Judith Davidson Moyers
169,Senator J.\_William\_Fulbright,
169,Mrs. Fulbright,"Elizabeth “Betty” Fulbright, nee Williams"
169,Bess,
169,"Tyler, Jim Cain, Clark Clifford, Carole Welch",
170,LBJ,
170,Senator,
170,Mrs. Birch Bayh,Marvella Bayh
170,Cong.,
170,Mrs. Paul Rogers),
170,Mrs. Bill Henry,husband- Chmn of FCC
170,"Mrs. Mildred Stegall, Mr.",
170,"Mrs. Ed Hower, Sen.",
170,Mrs. Daniel Brewster,Carole Leiper DeHavenon
170,Marianne Means,
170,"Emmet Riordan, Luci",
170,"Pat Nugent, Ambassador Loyd Hand, Harry McPherson, MF",
170,"sister Janice Fehmer, Bill Colle",social aide
170,Peter McCarthy,social aide
170,Mike Fenner,social aide
170,"Carol Welch, VM Gary Jay",escort of Carol Welch
170,Mr.,
170,Mrs. Bill Moyers,Judith Suzanne Davidson
171,LBJ,POTUS
171,Dean Rusk,Secretary of State
171,David Bell,Administrator USAID
171,Lloyd Hand,Chief of Protocol of the US
171,Harlan Cleveland,United States Permanent Representative to NATO
171,McGeorge Bundy,U.S. National Security Advisor
171,"Mr. John Gonella and Mrs. Ashton Gonella, nee GLASSELL (",personal secretary to the First Lady
171,Juanita Roberts,chief personal secretary to President
171,Gerri Whittington (personal secretary to President,
171,first black person to hold this position),
171,Yolanda Boozer,personal secretary to President
171,Jack Valenti,White House Chief of Staff
171,H. E. Ahmed Mohamed Adan,Somali Republic
171,H. E. Ghulam Ahmed,Pakistan
171,H. E. Talat Al-Ghoussein,State of Kuwait
171,H. E. Ibrahim Al-Sowayel,Saudi Arabia
171,H. E. Dr. Solomon Bayo ASEA,Uganda
171,H. E. Edward Drozniak,Polish People’s Republic
171,H. E. Dr. Karel Duda,Czechoslovak Socialist Republic
171,H. E. Ibrahim Hussein El-Ahdab,Lebanon
171,H. E. William P. Fay,Ireland
171,H. E. Michel Gallin-Douathe,Central African Republic
171,H. E. Nassir Hani,Iraq
171,H. E. Celestin Kabanda,Republic of Rwanda
171,H. E. Dr. Mostafa Kamel,United Arab Republic
171,H. E. Lt. General Tran Thien Khiem,VietNam
171,H. E. Khosro Khosrovani,Iran
171,H. E. Oscar Ledesma,the Philippines
171,H. E. Dr. Abdul Majid,Afghanistan
171,H. E. Alexander A. Matsas,Greece
171,H. E. Turgut Menemencioglu,Republic of Turkey
171,H. E. Veljko Micunovic,Socialist Federal Republic of Yugoslavia
171,H. E. Ahmed-Baba Miske,Islamic Republic of Mauritania
171,H. E. Leon Ndenzako,Kingdom of Burundi
171,H. E. Braj Kumar Nehru,India
171,H. E. Dr. Wilfried Platzer,Austria
171,H. E. Louis Rakotomalala,Malagasy Republic
171,H. E. Hosea Josias Soko,Republic of Zambia
171,H. E. H.L.T. Taswell,South Africa
171,H. E. Dr. Enrique Tejera-Paris,Venezuela
171,H. E. Petur Thorsteinsson,Iceland
171,H. E. Alfred Zehnder,Switzerland
171,H. E. Tashoma Halie-Mariam,Ethiopia
172,"LBJ, Mrs. Johnson, Bill",
172,Jane White,
172,"daughter, the Warren \[Mcgunners\], Bill",
172,"Jeanie Deason, Marianne",
172,"Emmett, Mary Margaret",
172,"Courtenay Valenti, George Christian)",
172,Bob Kinston,?
172,"Diana MacArthur, Charlotte",
172,Jack Brooks),
172,"Jake Jacobson, Jesse Kellon, Ashton",
172,John Gonella,
173,"LBJ, Hon. Dr. Gerald Hinteregger",Charge d’affaires of Austria
173,His Excellency Baron Louis Scheyven,Ambassador of Belgium
173,Hon. Dr. Luben Guerassimov,Minister of the People’s Republic of Bulgaria
173,Mr. George P. Kidd),Chargé d’affaires of Canada
173,Dr. Jan Snobl,Charge d’affaires of Czechoslovak Socialist Republic
173,Hon. Per Fergo,Charge d’affaires of Denmark
173,His Excellency Olavi Munkki,Ambassador of Finland
173,His Excellency Charles Lucet,Ambassador of the French Republic
173,His Excellency Heinrich Knappstein,Ambassador of Federal Republic of Germany
173,"His Excellency Sir Patrick Dean, G.C.M.G.",British Ambassador
173,Mr. Endre Szluka,charge d’affaires of the Hungarian People’s Republic
173,Mr. Ingvi S. Ingvarsson,charge d’affaires of Iceland
173,Mr. Patrick F. Power,charge d’affaires of Ireland
173,His Excellency Avraham Harman,Ambassador of Israel
173,His Excellency Sergio Fenoaltea,Ambassador of Italy
173,His Excellency Carl W. A. Schurmann,Ambassador of the Netherlands
173,Mr. Olaf Solli,charge d’affaires of Norway
173,His Excellency Edward Drozniak,Ambassador of the Polish People’s Republic
173,Hon. J. de Menezes Rosa,charge d’affaires of Portugal
173,Mr. Ion Baschiru,charge d’affaires of the Socialist Republic of Romania
173,His Excellency the Marquis de Merry del Val,Ambassador of Spain
173,Mr. Goran Bundy,Charge d’affaires of Sweden
173,His Excellency Felix Schnyder,Ambassador of Switzerland
173,Hon. Alexander I. Zinchuk,charge d’affaires of USSR
173,Mr. Ratko Brzic,Charge d’affaires of Socialist Federal Republic of Yugoslavia
173,Hon Dean Rusk,Sec of State
173,Hon John J. Sparkman,Senate
173,Hon. Stuart Symington,Senate
173,Hon. Frank J. Lausche,Senate
173,Hon. Thomas E. Morgan,HOR
173,Hon. Omar Burleson,HOR
173,Hon. Wayne L. Hays,HOR
173,Hon. Clement J. Zablocki,HOR
173,Hon. Edna F. Kelly,HOR
173,Hon. E. Ross Adair,HOR
173,Hon. Cyrus R. Vance,Deputy Sec. of Defense
173,"Hon. Harry H. McPherson, Jr.",Special assistant to the president
173,Hon. James W. Symington,Chief of Protocol
173,"Walter J. Sotessel, Jr.",acting assistant sec. Of state
173,"His Excellency John Keith Waller, C. B. E.",Ambassador of Australia
173,"Assistant Secretary William Bundy, Sir John Bunting)",
173,"Ambassador Averell Harriman, Hon. Llewellyn Thompson",
174,"LBJ, various African ambassadors",
175,"LBJ, various Asian",
175,Middle Eastern ambassadors,
176,"LBJ, Claude Pepper, Dr. Jose Antonio Mora",Secretary General of the Organization of American States
177,"LBJ, Mrs. Johnson",
177,"Senator Alan Bible, John",
177,"Ashton Gonella, Hon.",
177,"Mrs. Willard Deason, John Macy","Chairman, Civil Service Comm"
177,Senator,
177,"Mrs. Gale McGee, Cong.",
177,Mrs. Jim Wright,Texas
177,Mr.,
177,Mrs. Leslie Carpenter,Liz Carpenter
177,"Mr. Max Brooks, Mr.",
177,"Mrs. Aubrey Boozer, Mrs. Juanita Roberts, Mr.",
177,Mrs. Emmet Riordan,
178,"LBJ, Mrs. Johnson, Mr. Bob Kintner, Nancy Mahon, Marie Fehmer",secretary to President Johnson
178,"Mahoney, Capt. Ault",Marie’s date
178,and Tom Mann,
179,"LBJ, Mrs. Johnson",
179,Senator,
179,"Mrs. Clinton Anderson, Secretary",
179,"Mrs. Stewart Udall, Cong.",
179,"Mrs. Carl Albert, Cong.",
179,"Mrs. Hale Boggs, Cong.",
179,"Mrs. John Young, Mr.",
179,"Mrs. Jim Webb, Clark Clifford, Mr.",
179,"Mrs. Clifton Carter, Mr.",
179,Mrs. George Christian),
179,"Mary Slater, Lt. T. Leonard",
180,"Lady Bird Johnson, the wife of Ne Win",President of Burma
180,Mrs. Fowler,wife of Secretary of Treasury
180,Mrs. Rusk,wife of Secretary of State
180,Mrs. Symington,wife of SEN-MO
181,"LBJ, Mrs. Johnson, Mr.",
181,"Mrs. Walt Rostow, Warren Woodward, Bess",
181,"Tyler Abell, Hon.",
181,"Mrs. Leonard Marks, Mr.",
181,"Mrs. Horace Busby, Mr.",
181,Mrs. George Christian),
181,Cong.,
181,Mrs. Jack Brooks),
181,"nephew David, Hon.",
181,"Mrs. Willard Deason, Mr.",
181,"Mrs. Simon McHugh, Sen.",
181,"Mrs. Mike Monroney, Mr.",
181,"Mrs. Jake Jacobsen, Mr.",
181,Mrs. Les Carpenter,Liz Carpenter
182,"LBJ, Mrs. Johnson, Mr.",
182,Mrs. Riordan,Marianne Means
182,Mr. and Mrs. Jack Valenti,Mary Margaret
182,Mary Margaret,
182,Jack,Valenti again?
182,Mary Ester Garner,
183,"LBJ, Mrs. Johnson, Mr.",
183,"Mrs. Bill White, Mr.",
183,Mrs. Jack Valenti,
183,"Courtenay, Mr.",
183,"Mrs. Riordan, Mr.",
183,Mrs. McHugh,
183,"Captain B. Beck, Mary Slater",
183,"Lt. Tim Leonard, Ashton Gonella, Cong.",
183,"Mrs. William Poage, Mrs. Fleming",Mrs. Poage’s sister
183,and John Gonella join via jet boat.,
184,"LBJ, Mrs. Johnson, Mr.",
184,Mrs. Jack Valenti,
184,"Courtenay, Mrs. Emmett Riordan, Commissioner Willard Deason, Mr.",
184,"Mrs. William S. White, Mr. Means",
185,"LBJ, Mr.",
185,"Mrs. William S. White, Hon.",
185,"Mrs. Willard Deason, Cong.",
185,"Mrs. J. J. Pickle, Mr.",
185,"Mrs. Emmet Riordan, Hon.",
185,"Mrs. Barefoot Sanders, Hon.",
185,"Mrs. Ramsey Clark, Mr.",
185,"Mrs. Simon McHugh, Capt. Barry Beck, Mary Slater, Mr.",
185,"Mrs. Larry Temple, George Christian)",
185,"Marvin Watson, Mr.",
185,Mrs. John Gonella,
186,Dean Rusk,Secretary of State
186,"Mrs. Rusk, King Bhumibol",King of Thailand
186,Queen Sirikit,
187,"LBJ, Mrs. Johnson, guests, Secretary",
187,"Mrs. Orville Freeman, Mr.",
187,"Mrs. Walt Rostow, John Criswell, Cong.",
187,Mrs. Jack Brooks),
187,Cong.,
187,Mrs. J. J. Pickle,
187,Graham McCarroll,stepson
187,Mr.,
187,"Mrs. Leslie Carpenter, Mr.",
187,Mrs. Tom Johnson),
187,Cong.,
187,"Mrs. George Mahon, Mr.",
187,Mrs. George Christian),
187,Mr.,
187,"Mrs. Emmet Riordan, Mr.",
187,"Mrs. Barefoot Sanders, Mr.",
187,Mrs. Simon McHugh,
187,"Franny McCammon, Mr.",
187,Mrs. John Gonella,
188,"LBJ, Mrs. Johnson, Rita",
188,"Charlie Shultze, Mr.",
188,Mrs. Donald MacArthur,Catherine
188,PMG,
188,"Mrs. Lawrence O’Brien, Mr.",
188,"Mrs. Aubrey Boozer, Mr.",
188,"Mrs. John Gonella, Mr.",
188,"Mrs. Simon McHugh, Franny McCammon, Mr.",
188,"Mrs. George Reedy, Judge",
188,"Mrs. Philip Nichols, Hon.",
188,Mrs. Willard Deason,
189,"LBJ, Mr.",
189,"Mrs. William S. White, Mr.",
189,"Mrs. Emmett Riordan, Mr.",
189,Mrs. George Christian),
189,Mr.,
189,"Mrs. Simon McHugh, Frances McCammon, Mr.",
189,Mrs. Jack Valenti,
189,"Courtenay, Mr.",
189,Mrs. John Gonella,
189,"Captain Barry Beck, Mary Slater, Joe Califano, Mr.",
189,"Mrs. Larry Levinson, Mrs. Willard Deason",
189,son Pat Deason,
190,"LBJ, Mrs. Johnson, Mr.",
190,"Mrs. Simon McHugh, Mr.",
190,Mrs. Jack Valenti,
190,"Courtenay, Fanny McCammon, Cong.",
190,"Mrs. J.J. Pickle, Cong.",
190,Mrs. Jack Brooks),
190,Mr.,
190,"Mrs. Marvin Watson, Mr.",
190,Mrs. George Christian),
190,Mr.,
190,"Mrs. Walt Rostow, Lynda",in white satin harem pants
190,"Capt. Chuck Robb, Warrie Lynn Smith",
190,"date Vance Campbell, Marie, John Criswell, Mr.",
190,Mrs. John Gonella,
191,"LBJ, Mrs. Johnson, Mr.",
191,"Mrs. Marvin Watson, Mr.",
191,Mrs. Jack Valenti,
191,"Courtenay, Mary Slater, Mr.",
191,Mrs. George Christian),
191,Mr.,
191,"Mrs. Bill White, Cong.",
191,"Mrs. J.J. Pickle, Cong.",
191,"Mrs. Ray Roberts, Mr.",
191,"Mrs. Leonard Marks, Mr.",
191,"Mrs. Aubrey Boozer, Mr.",
191,"Mrs. Emmet Riordan, Diana McArthur, John",
191,Ashton Gonella,
192,"LBJ, Mrs. Johnson",1967-08-13
192,Hon.,
192,"Mrs. Willard Deason, Mr.",
192,"Mrs. Emmet Riordan, Mr.",
192,"Mrs. John Gonella, Jim Jones, Margaret Meyer, Cong.",
192,Mrs. Jack Brooks),
192,Mr.,
192,"Mrs. Barefoot Sanders, Mr.",
192,Mrs. Simon McHugh,
193,"LBJ, Mr.",
193,"Mrs. John Gonella, Cong.",
193,"Mrs. John Young, Mr.",
193,"Mrs. Simon McHugh, mf. Jim Jones, John Criswell, Cong.",
193,Mrs. Ed Edmondson),
193,"Cong. Wright Patman, Cong.",
193,Mrs. James,Jim
193,Mrs. George Christian),
193,Mr.,
193,Mrs. William S. White,
194,"LBJ, Cong.",
194,"Mrs. George Mahon, Cong.",
194,"Mrs. J.J. Pickle, Mr.",
194,Mrs. Simon McHugh,Vicki
194,Mr.,
194,"Mrs. John Gonella, Hon.",
194,"Mrs. Willard Deason, Mr.",
194,"Mrs. Emmet Riordan, Mr.",
194,"Mrs. William S. White, Joe Califano, Mr.",
194,"Mrs. Larry Levinson, Lynda Bird",
194,"Chuck Robb, Mr.",
194,Mrs. George Christian),
194,Tom Johnson),
194,Mr.,
194,Mrs. Arthur Krim,Mathilde Krim
194,"Marie Fehmer, Ginny Thrift, Jim Jones, Ashton, Mary Slater, Barry Beck, Mr.",
194,"Mrs. Irving Sprague, Cong.",
194,"Mrs. John Young, Mrs. Johnson",
195,"LBJ, Mrs. Johnson",First Lady
195,Mr.,
195,"Mrs. William S. White, Mr.",
195,"Mrs. Emmet Riordan, Mr.",
195,"Mrs. Walt Rostow, Mr.",
195,"Mrs. Ernest Goldstein, Mr.",
195,Mrs. Aubrey Boozer,Yolanda
195,Mr.,
195,Mrs. Arthur Krim,Mathilde Krim
195,Mr.,
195,Mrs. George Christian),
195,Jim Jones,
195,"Captain Beck, Mary Slater, Marie Fehmer, John Criswell, Lynda Bird",
195,Chuck Robb,
196,Mrs. Johnson,First Lady
196,Mr.,
196,Mrs. Tom Johnson),
196,"Mr. and Mrs. Emmet Riordan, Alan Boyd",Secretary of Transportation
196,Cong.,
196,"Mrs. George Mahon, Cong.",
196,Mrs. Jack Brooks),
197,"LBJ, Jim Jones, Olivia Barclay, Mrs. Mary Beck, Diana Heiges, Mr.",
197,Mrs. George Christian),
197,Mr.,
197,Mrs. Tom Johnson),
197,"Margaret Meyer, Jake Jacobsen, Mr.",
197,"Mrs. Simon McHugh, Mary Rather",
198,"LBJ, Mrs. Johnson, Mr.",
198,Mrs. William H. Crook),
198,Cong.,
198,"Mrs. George Mahon, Diana Heiges, Mary Rather, Mrs. Claudia Marsh, (Ctj talked with Lynda",
198,Warrie Lynn),
199,"LBJ, Mrs. Johnson, Mr. William White, Gov. Price Daniel",
199,"Mrs. Jean Daniel, Mr. Simon McHugh",
199,"Mrs. Vicky McHugh, Capt. Barry Beck",
199,"Mrs. Mary Beck, Mark Beck",Mary Beck’s brother-in-law
199,Mr.,
199,"Mrs. Emmet Riordan, Diana Heiges, Kevin Delaney, Jim Jones, Olivia Barclay",
200,"LBJ, Mrs. Johnson, Secretary C. R. Smith, Cong.",
200,Mrs. James,Jim
200,Mrs. Ed Edmondson),
200,Mr.,
200,"Mrs. John Macy, Mr.",
200,"Mrs. Joe Califano, Cong.",
200,"Mrs. J.J. Pickle, Prime Minister",
200,Mrs. John C. Gorton of Australia,Bettina Gorton
200,Mrs. Emmet Riordan,Marianne Means
200,Miss Mayer,
200,"Mr. Riordan, Col.",
200,Mrs. James Cross,Marie Cross
200,"Cong Wright Patman, H. E. Sir Keith Waller",Ambassador
200,Miss Ainsley Gotto,Private secretary to prime minister
200,Inspector J. Franklin,security officer
200,Hon. Angier Biddle Duke,Chief of Protocol
200,Mr. Terry Howe,state dept protocol
200,Mr. Walter Sargent,state dept special agent
201,"LBJ, Mrs. Johnson, Mr.",
201,Mrs. Barefoot Sanders,Jan Sanders
201,Attorney General,
201,"Mrs. Ramsey Clark, Cong.",
201,"Mrs. J.J. Pickle, Mary Rather, Marie Fehmer",
202,"LBJ, Mrs. Johnson, Cong.",
202,"Mrs. George Mahon & 2 grandchildren, Diana Heiges, Sybil Dickinson & niece",Mary Terrall
202,Mr.,
202,Mrs. James,Jim
202,Mrs. Jack Brooks),
202,Mr.,
202,Mrs. Jack Valenti,
202,"Courtenay, Susan Stevenson",
203,"LBJ, Mrs. Johnson, Mr.",
203,Mrs. Jerry Williams),
203,Mr.,
203,"Mrs. William S. White, Mary Rather, Mr.",
203,"Mrs. Marvin Watson, Cong.",
203,"Mrs. George Mahon, Secretary",
203,"Mrs. Alan Boyd, Mahon grandchildren, Mr.",
203,"Mrs. John Gonella, Mr.",
203,Mrs. Larry Temple,
203,Mr.,
203,Mrs. George Christian),
203,"Susan Stevenson, Mr.",
203,Mrs. Tom Johnson),
205,"LBJ, Mrs. Johnson, Mr.",
205,Mrs. Jack Valenti,
205,"Courtenay, Attorney General",
205,"Mrs. Ramsey Clark, Cong.",
205,"Mrs. J.J. Pickle, Mr.",
205,"Mrs. Barefoot Sanders, Cong.",
205,Mrs. Jack Brooks),
205,"Mary Rather, Susan Stevenson, LaFaye Davis, the McHughes",Simon
205,Mrs. Ed Edmondson),
206,"LBJ, Mrs. Johnson, Dr.",
206,Mrs. Willis Hurst,Nelie Hurst
206,son Phil Hurst,
206,Senator,
206,Mrs. Gale McGee,Lorainne Baker
206,Mr.,
206,"Mrs. William S. White, Mr.",
206,"Mrs. Willard Deason, Mr.",
206,"Mrs. Larry Levinson, Mr.",
206,"Mrs. Robert Hardesty, Mr.",
206,"Mrs. Harry Middleton, Mrs. Earle Deathe",
206,Trey Deathe,
206,Senator,
206,Mrs. Henry Jackson,Helen Hardin
207,"LBJ, Dean Rusk",Secretary of State
207,Anatoly Dobrynin,Soviet Ambassador to US
207,John M. Leddy,Assistant Secretary of State for European Affairs
208,"Postmaster General Winton M. Blount, top staff",
209,Tricia Nixon,
209,roughly 30 Vietnam war vets,
209,Marine corps band,
210,Nixon,
210,"C.G. Rebozo Robert H. Finch) (Secretary of Health, Education",
210,Welfare),
211,"Chief Justice Earl Warren, Nina Warren, Tom Clark, Albert Goldberg, presumably other members of the Supreme Court at the time",
212,"Nixon, Pat Nixon, Mrs. John Eisenhower",Barbara Thompson
212,"David Eisenhower, Julie Eisenhower, Susan Eisenhower",
213,"Nixon, Pat Nixon, Julia Nixon Eisenhower",
213,"David Eisenhower, C.G. Rebozo, Rose Mary Woods, Patrick J. Buchanan, Walter R. Tkach, Col. James Donald ""Don"" Hughes",
213,"Mrs. Hughes, Shelley Scarney",
214,"Nixon, Vice President",Spiro Agnew
214,"Senators Gordon Allott, Alan Bible, J. Caleb Boggs, Harry F. Byrd, Jr., Norris Cotton, Everett McK. Dirksen, Robert P. Griffin, Henry M. Jackson, Warren G. Magnuson, John L. McClellan, Gale W. McGee, Karl E. Mundt, Robert W. Packwood, John O. Pastore, Winston L. Prouty, John Stennis, Milton R. Young, Secretary of Defense Melvin R. Laird, Secretary of Interior Walter J. Hickel, Secretary of Transportation John A. Volpe",
214,"White House Staff Members Dr. Henry Kissinger, Bryce Harlow",
214,Ken BeLieu,
215,"Nixon, Vice President Spiro Agnew, Attorney General Mitchell, Chairman Rogers Morton, Secretary Finch)",
215,"H.R. Haldeman, Bryce Harlow, John Ehrlichman",
215,Harry Dent,
216,House ACORNS,
216,"their wives, Bryce Harlow, Bill Timmons",
217,"The First Lady Pat Nixon, Nash Castro, poor children between ages of 9-12: Latetia Barrett, Veronica Gruder, Gloria Mapp, David Porter, Kenneth Brewer, Donald Fimms, Theresa Young, Kathy McCoy, Mike Scalley, Lisa Burvell, Lauren Burwell, Terrell Cannon, Ernest Fields, Bernard Austin, Sheila James, Harla D. Bennett, Michael Jackson, Herbert Bonnette, Karen Dunn, Robert Thompson, Geraldine Stuart, Terrance Nathan, Francis Lampkins, Carlton Mahoney",
218,Tricia Nixon,
218,24 DC kids.,
219,Mr.,
219,"Mrs. Flanigan, SEC members",
219,wives,
219,"other regulatory commissioners, Civil Aeronautics Board, Federal Communications Commission, Federal Power Commission, Federal Trade Commission, Interstate Commerce Commission",
221,"cabinet wife Lenore Romney, underprivileged youth group",24 kids
222,"cabinet wife Marian Mayo, underprivileged youth group",24 kids
223,"cabinet wife Barbara Masters Laird, underprivileged youth group",24 kids
223,group of nuns.,
224,Attorney General Mitchell,
224,Mrs. Mitchell,
224,Senator Dirkson,
224,"Mrs. Louella Dirksen, other prominent Congressional leaders",
225,John Chafee,Secretary of the Navy
226,"Tricia Nixon, underprivileged youth group",24 kids
227,"cabinet wife Martha Wood Hardin, underprivileged youth group",24 kids
228,"cabinet wife Jennie Volpe, underprivileged youth group",24 kids
229,cabinet wife Mrs. Donald Rumsfeld,"Joyce Rumsfeld, nee Pierson"
229,underprivileged youth group,24 kids
230,Secretary of the Navy John Chafee,
231,"Daniel Moynihan, Henry Kissinger, Dwight Chapin, other White House executive interns",
231,staff.,
232,"cabinet wife Helen Bernstein Burns, underprivileged youth group",24 kids
233,underprivileged youth group,
233,cabinet wife,
234,"Adele Langston Rogers, underprivileged youth group",24 kids
235,Director Herbert B. Klein),
235,"Marjorie Klein, Mr",
235,"Mrs. Dixon Donnelly, Mr",
235,Mrs. Jack Landau),
235,Mr.,
235,"Mrs. Joseph A. Loftus, Mr.",
235,"Mrs. James Henderson, Mr.",
235,"Mrs. Robert J. McCloskey, Mr.",
235,"Mrs. Richard L. Phillips, Mr.",
235,"Mrs. Barry Locke, Mr.",
235,"Mrs. Walter Mazan, Mr.",
235,"Mrs. Cal Brumley, Mr.",
235,"Mrs. John Harris, Mr.",
235,"Mrs. Joe Laitin, Mr.",
235,"Mrs. Joe Dawson, Mr.",
235,"Mrs. Julian Scheer, Mr.",
235,"Mrs. Arch McKinlay, Mr.",
235,"Mrs. Lew Schollenberger, Mr.",
235,"Mrs. Bert Tollefson, Mr.",
235,"Mrs. Robert Smalley, Mr.",
235,"Mrs. Dan Henkin, Mr.",
235,"Mrs. Baxter Omohundro, Mr.",
235,"Mrs. George R. Creel, Alex Troffey",
236,"cabinet wife Carol Finch, underprivileged youth group",
237,William E. Timmons),
237,"Lowell P. Weicker, Jr., House Republican freshmen",
238,"Bryce Harlow, members of Harlow’s staff, ½ of Senate GOP",
239,"Bryce Harlow, members of Harlow’s staff, House leaders",
239,ranking members,
240,"Brycer Harlow, members of Harlow’s staff, Sos members",House Members
241,Acorns members,House Members
242,½ of Senate GOP: Sherman P. Lloyd,
243,8-66 club,"House Members, including Bryce Harlow"
244,Bryce N. Harlow,
245,Sam Devine Group,House members
246,"Odin Langen, congressmen, White House staff",
247,Albert W. Watson),
247,William E. Timmons),
247,other congressmen,
247,"staffers, John W. Wydler, Thomas S. Kleppe, James R. Grover, Jr., Bryce Harlow",
248,"Robert C. Gresham, Jerry Meyer, Bryce Harlow, other House staffers, Theodore J. Kazy",
249,"Nixon, Attorney General John N. Mitchell, Assistant H.R. Haldeman",
250,"Nixon, C.G. Rebozo",
251,"Nixon, Attorney General John N. Mitchell, Assistant Henry A. Kissinger, C.G. Rebozo",
252,"General James D. Hughes, Art Sampson, Pomponio Brothers",
253,David,
253,"Julie Eisenhower, servicemen from Washington area hospitals, including Walter Reed patient Mike Lindhurst",
254,"Nixon, C.G. Rebozo","possibly: Haldeman, Ehrlichman, Kissinger"
255,Secretary of Treasury David M. Kennedy,
256,Ambassador Anatoly Dobrynin,
256,Henry A. Kissinger,
257,Ambassador Anatoly Dobrynin,
257,Henry A. Kissinger,
258,"Secretary David Packard, 30 members of the Defense Industrial Advisory Council, Prince Charles",
258,Tricia Nixon,?
259,"Nixon, Pat Nixon, most likely Julie",
259,"David Eisenhower, Tricia Nixon",
260,"Tricia or Julie Nixon, Youth Group",
265,"Nixon, Secretary of Commerce Maurice H. Stans, Hon. Fred J. Russell",Undersecretary of the Interior
265,Hon. Vincent de Roulet,US Ambassador to Jamaica
265,Hon. Robert O. Anderson,"Chairman, Atlantic Richfield Co., NYC"
265,"Mr. Edgar W. Brown, Jr.","Orange, Texas"
265,Hon. Harold S. Geneen,"Chairman, International Telephone & Telegraph Corp., NYC"
265,Mr. Albert H. Gordon,"President, Kidder, Peabody & Co., Inc., NYC"
265,Mr. Clement L. Hirsch,"Newport, California"
265,Mr. Herbert W. Kalmbach,"Lawyer, Newport, California"
265,Hon. John M. King,"Chairman, King ReSources Co., Denver, Colorado"
265,"Mr. William C. Liedtke, Jr.","President, Pennzoil United, Inc., Houston, Texas"
265,Mr. John A. Mulcahy,"President., Quigley & Co. Inc., NYC"
265,Mr. John M. Olin,"Honorary Chairman, Olin Corp., St. Louis, Missouri"
265,Hon. H. Ross Perot,"President, Electronic Data Systems, Dallas, Texas"
265,Hon. John W. Rollins,"Chairman, Rollins International, Inc. Wilmington, Delaware"
265,Mr. Richard M. Scaife,"VP, T. Mellon & Sons, Pittsburgh, Pennsylvania"
265,"Mr. Henry Salvatori, Sr.","President, Grant Oil Tool Co., Los Angeles, California"
265,Hon. W. Clement Stone,"President, Combined Insurance Company of America, Chicago Illinois"
265,and Mr. DeWitt Wallace,"Co-Chairman, The Reader’s Digest, Pleasantville, New York"
266,"Tricia Nixon, Mr.",
266,Mrs. David Eisenhower,Julie Nixon
266,"Prince Charles, Princess Anne, Joe Jarboe, Anne Jarboe, 17 other guests.",
270,Julie Eisenhower,
273,"Nixon, VP Spiro T. Agnew, Attorney General John N. Mitchell, Congressman Rogers Morton, Assistant H.R. Haldeman, Counselor Robert Finch)",
276,"Nixon, Counsellor Robert H. Finch)",
276,George P. Shultz,"Director, OMB"
276,"Assistant H.R. Haldeman, Assistant John D. Ehrlichman, Counsellor Bryce N. Harlow",
276,Deputy Assistant Edward L. Morgan,
280,"Postmaster General Winton M. Blount, others",
281,"Nixon, the First Lady, Julie",
281,"David Eisenhower, Rosemary Woods",secretary
281,and H.R. Haldeman,assistant
282,"Postmaster General Winton M. Blount, others",
283,"Mike Mansfield, Hugh Scott, Warren Magnuson, Norris Cotton, John Sparkman, Wallace Bennett, Russell Long, John Williams)",
283,"Carl Albert, Jerry Ford, Harley Staggers, Bill Springer, Wright Patman, Bill Widnall, Wilbur Mills, John Byrnes, Peter Flanigan, Jon Rose, Ken BeLieu, Gene Cowen, Dick Cook, Bill Timmons)",
284,"Nixon, Ensign",
284,Mrs. David Eisenhower,Julie Nixon
284,Ensign,
284,"Mrs. Anthony Biddle, Mr.",
284,Mrs. Fred Grandy,"Jan Gough, div."
284,Lieutenant,
284,Mrs. Robert Lowkon,
285,Nixon,POTUS
285,"the First Lady, C.G. Rebozo",
286,Nixon,POTUS
286,"Mr. Haldeman, Mr. Ehrlichman, Mr. Charles Colson, Mr. Kissinger",
287,Maurice Hubert Stans,Secretary of Commerce
288,Maurice Hubert Stans,Secretary of Commerce
289,Maurice Hubert Stans,Secretary of Commerce
290,"Ehrlichman, Ken Cole, Tod Hullin, Ed Morgan, Dick Nathan, Lew Butler, Secretary Richardson, staff",
291,Maurice Hubert Stans,Secretary of Commerce
292,"Nixon, the First Lady Pat Nixon, Julie Eisenhower, Tricia Nixon, possibly Harrison H. McCall",
293,"Nixon, Secretary of the Treasury John B. Connally, Mr. Haldeman, Mr. Ehrlichman, Mr. Peter Flanigan, Secretary of State William P. Rogers",
294,"H. S. Hill, Brigadier General James D. Hughes",Military assistant to the president
295,Maurice Hubert Stans,Secretary of Commerce
296,Maurice Hubert Stans,Secretary of Commerce
297,Maurice Hubert Stans,Secretary of Commerce
298,Secretary Laird,Dept of Defense
299,"Connally, Shultz, Ehrlichman",
299,Flanigan,
300,"Nixon, Secretary of the Treasury John B. Connally, Director of the OMB George P. Shultz, Mr. Ehrlichman, Mr. Haldeman, Assistant Peter M. Flanigan",
301,ambulatory patients from Children’s Hospital,
302,Chairmen of the Regulatory Agencies,
302,their wives,
303,"Nixon, Mr. Haldeman, Mr. Colson, Mr. Ehrlichman, Mr. Caspar Weinberger",
304,"Mrs. Pat Nixon, 39 Meridian Hill Park Community Area kids between 8-14, 4 teenage aides, 4 supervisors from Summer in the parks program. All of the kids were from the Dunbar Community School for the blind.",
305,‘a group of unidentified people from Texas aboard the Presidential yacht USS Sequoia’.,
306,"Nixon, Attorney General John N. Mitchell, Reverend Billy Graham, Mr. Haldeman, Assistant John D. Ehrlichman, Mr. Kissinger, Counselor Donald Rumsfeld, Harry Dent )",
307,Maurice Hubert Stans,Secretary of Commerce
308,John H. Chafee,
308,guests,
309,Judy Agnew,Second Lady of The United States
309,‘Japanese ladies,
309,others’,
310,"John Ehrlichman, Leonard Clement, Harry Dent, Robert J. Brown, Stanley Scott, Edward Morgan, Ken Cole, Egil Krogh, John Whitaker, Dr. Ed Harper, Jeb Magruder, Colston A. Lewis, Frank Kent, George Haley, James E. Johnson, Samuel Jackson, Arthur McZier, John Wilks, Norman B. Houston, T. M. Alexander",?
310,"Howard Jenkins, Jr., John Powell, Curtis Crawford, Dr. Alfred L. Edwards)",
310,"Stanley B. Thomas, Jerome Schuman, John Blake, Melvin Humphrey, Judge William S. Thompson",
310,Dr. Samuel Adams,
311,Nixon,
312,"Nixon, Mr. Haldeman, Deputy Assistant Major General Alexander M. Haig, Jr.",
313,"Nixon, Assistant Henry A. Kissinger, Major General Alexander Haig",
314,"Nixon, the First Lady Pat Nixon",
314,Miss Rose Mary Woods,
315,"Nixon, the First Lady Pat Nixon, Mr. Rebozo",
316,"Flanigan, Scowcroft, Haldeman, Exec office staff",
317,"Nixon, Cardinal Krol, Secretary of State William P. Rogers, Mr. Colson, Major General Alexander Haig",
318,veterans,
318,"staff, up to 45",
319,"Mike Farrell, 39 volunteers from the National Retired Teachers Association",
319,the American Association of Retired Persons,
320,"Nixon, the First Lady Pat Nixon, Mr.",
320,Mrs. Edward F. Cox,Tricia Nixon
321,"Red Cross volunteers, part of summer parks.",
322,"Nixon, Mr. Haldeman, Mr. Colson, Director of the Elections Research Center for the Governmental Affairs Institute, Dick Scammon",
323,Paul Davis Jr.,NH FFA
323,Larry Coleman,MS FFA
323,Leon Cooper,WV FFA
323,Steve Fowler,AL FFA
323,Keith Green,WI FFA
323,Roger Groll,OH FFA
323,Howard Longway Jr.,VT FFA
323,Alfred Stevens,LA FFA
323,Raymond Timothy,UT FFA
323,Daryl Sywassink,IA FFA
323,Greg Smith,ME FFA
323,Dale Edgecombe,IL FFA
323,Larry Rasmussen,NE FFA
323,Phil Johnson,National FFA VP
323,Calvin Dooley,CA FFA
323,Rudy Wetherington,FL FFA
323,Robert Morris,past FL FFA pres
323,Wayne Vangraefschepe,CO FFA
323,Miles Martinez,HI FFA
323,Karl Kincaide,MI FFA
323,Clifford Saylor,FFA National VP of Pacific Region
323,John Comerford,SC FFA
323,David Limmer,WY FFA
324,"Nixon, Mr. Haldeman, John N. Mitchell (attorney for Mudge, Rose, Guthrie",
324,Alexander),
324,Bryce N. Harlow,Chief of Public Relations for the Procter & Gamble Corporation
324,Clark MacGregor,Campaign Director for the Committee for the Reelection of the President
324,Herbert B. Klein),
324,Robert Finch),
324,"Mr. Ron Ziegler, Dwight Chapin, William E. Timmons)",
324,Fred Malek from the Committee for the Reelection of the President,
325,"Nixon, Mr. Haldeman, Special Consultant Leonard Garment, Assistant William E. Timmons)",
325,"Special Counsel Harry S. Dent, Special Assistant Patrick J. Buchanan, Mr. Colson",
326,"Nixon, Julie Eisenhower, Edward C. Nixon, Personal Secretary Rose Mary Woods, Major General and Mrs. Haig, Special Assistant Patrick J. Buchanan, Mrs. Patrick J. Buchanan",Shelley Ann Scarney
327,"Nixon, Mr. Haldeman, Assistant Henry A. Kissinger, Deputy Assistant Major General Alexander M. Haig, Jr.",
328,Brent Scowcroft,
329,"Nixon, Mr. Rebozo, Lt. Col. William L. Golden",Military Aide
329,Major General Walter R. Tkach,Personal Physician
329,Manolo Sanchez),valet
330,"Nixon, Secretary of State William P. Rogers",
331,Nixon,
332,Nixon,
332,"General Alexander M. Haig, Jr., Mr. Ron Ziegler",
333,"Nixon, Mr. Rebozo, Dr. William M. Lukash",Personal Physician
333,Lt. Col. William L. Golden,Military Aide
334,Nixon,
334,"General Alexander M. Haig, Jr., Major General Walter R. Tkach",Personal Physician
334,Lt. Col. William L. Golden,Military Aide
335,Nixon,
335,"General Alexander M. Haig, Jr., Dr. Chester L. Ward",Personal Physician
335,Lt. Col. William L. Golden,Military Aide
336,"Nixon, Mr. Harlow",
336,"General Alexander M. Haig, Jr., Special Advisor John B. Connally",
337,"Nixon, Mr. Ron Ziegler",
338,Nixon,
338,"General Alexander M. Haig, Jr., Dr. Chester L. Ward",personal physician
338,Lt. Col. William L. Golden,military aide
339,Mrs. Nixon,FLOTUS
339,"Carolyn Abernathy, Mindy Aistis, Ola Mae Allen, Wylie W. Barrow, William Bland, Jr., Steven Boyd, Vernal Bryant, Ruben Cantu, Mrs. Richard England",Lois
339,"Carl Faircloth, Betsy Forte, Joe Hemning, Robert H. Jones, Walter Jones, Blanch Kacerick, Mrs. John G. Ladd, Victor Morris, Walter Morris, Edna Morris, Rexie Morgan, Aliene Morrow, Kathleen Mathews, Estella May, Francis W. Mulcahy, Samuel Pardoe, Sylvia Pointer, Larry Rice, Lucille Robinson, Gene Roston, Matthew Warren, Essie Watts, Dorothy Wesley",
340,"Nixon, the First Lady Pat Nixon",
340,Miss Rose Mary Woods,
341,"Nixon, Leonid Brezhnev, Secretary of State William P. Rogers, Assistant Henry A. Kissinger, Assistant Ronald L. Ziegler, Secretary of the Treasury George P. Shultz, NSC Staff Member William Hyland, Andrey A. Gromyko",Minister of Foreign Affairs of the USSR
341,Andrey Aleksandrov,Assistant to the General Secretary
341,Nikolai S. Patolichev,Minister of Foreign Trade of the USSR
341,Viktor M. Sukhodrev (interpreter,
341,"Counselor, Minister of Foreign Affairs)",
341,Lt. Gen. Sergey N. Antonov,Chief of Security Services of the USSR
342,"Fal Johnson, Secretary Harry Dent, Secretary Peter Brennan, others",
343,"Jerry H. Jones, key personnel from his dept",
343,Department,
343,Agency liaison personnel,
344,"Nixon, Mr. Ronald L. Ziegler, Lt. Cdr. T. Stephen Todd",military aide
344,Manolo Sanchez),valet
345,Nixon,
345,"General Alexander M. Haig, Jr.",
346,"Nixon, Mr. Henry A. Kissinger",
347,"Nixon, the First Lady Pat Nixon, Tricia Cox",
348,Henry A. Kissinger,
348,"Brent Scowcroft, possibly George Anderson, Chairman of President’s Foreign Intelligence Advisory Board.",PFIAB
349,"Nixon, Mr. Raymond Price)",
349,"Major General Walter Tkach, Lt. Cdr. T. Stephen Todd",military aide
349,Manolo Sanchez),valet
350,"Nixon, Mr. Alexander M. Haig, Jr.",
351,"Nixon, Mr. Alexander M. Haig, Jr., Major General Walter Tkach, Lt. Cdr. T. Stephen Todd",military aide
351,Manolo Sanchez),valet
352,"Nixon, Mr. Alexander M. Haig, Jr.",
353,"Nixon, the First Lady Pat Nixon, Tricia Cox",
354,"Nixon, Mr. Alexander M. Haig, Jr.",
355,"Nixon, the First Lady Pat Nixon, Roger E. Johnson",Assistant to the Acting Chief of Protocol
355,Mrs. Roger E. Johnson,
355,Miss Rose Mary Woods,
356,"Nixon, Military Assistant Major John V. Brennan",
357,"Nixon, the First Lady Pat Nixon",
357,"Miss Woods, Mr. Bebe Rebozo",
358,"Charles Chamberlain, Max L. Friedersdorf, the ACORNS",
359,stewardesses,
359,"young men for hospitals in Washington area, Lynne Grace",
360,"Nixon, the First Lady Pat Nixon, Mr.",
360,Mrs. David Eisenhower,Julie Nixon
360,Mr. Robert Milligan,
360,Cynthia H. Milligan,friends of the Eisenhowers
361,Pat Nixon,
361,"Julie Eisenhower, East Wing Staff: Ollie Atkins, Mike Farrell, Bob Genader, Jan Valentine, Joyce Adams, Dora Tennant, Cathy Barker, Gwen King, Tom McCoy, Fred Jefferson, Carol Sampson, Mary Austermiller, Margaret Boyce, Sue Smith, Jeanie Graklanoff, Joan Crotty, Diane Carroll, Sandy Fox, Bill Gemmell, Jan Ingersoll, Nancy O’Brien, John Scarfone, Alex Schiavoni, Kathy Beery, Susan Porter, Joan Stevens, Cindy Vanden Heuval, Helen Smith, Terry Ivey, Patti Matson, Penny Adams, Lucy Winchester, Pat Howard, Susan Dolibois, Chris Alberts, Clement Conger, Wilma Sands, Betty Monkman",White House Curator
361,"Susan Ewell, Al Johnson, Carroll Lawrence, Ed Ratti, Rita DeSantis",White House Hairdresser
361,"Peggie Brumback, Joann Stoddard, Marti McAlister, Eva Brantley, Ann Watwood",
362,"Nixon, Mr. Alexander M. Haig, Jr.",
363,"Secretary Melvin Laird, other former Secretaries of Defense",
364,Secretary James Schlesinger,
365,"Nixon, the First Lady Pat Nixon, Mr.",
365,Mrs. David Eisenhower,Julie Nixon
365,Mr. Robert Milligan,
365,Cynthia H. Milligan,friends of the Eisenhowers
366,"Nixon, Mr. Alexander M. Haig, Jr., Lt. Cdr. T. Stephen Todd",military aide
366,Col. Chester L. Ward,Assistant Physician
367,"Nixon, the First Lady Pat Nixon, Major General Tkach",
368,honor the PRC liaison office by members of Congress who toured China: Senator,
368,Mrs. Mike Mansfield,
368,Senator,
368,"Mrs. Hugh Scott, Representative",
368,"Mrs. Gerald Ford, Mrs. Lindy Boggs",
368,Senator,
368,Mrs. Warren Magnuson,
368,Senator,
368,Mrs. Robert Griffin,
368,Senator,
368,Mrs. Gale McGee,
368,Senator,
368,"Mrs. John Sparkman, Representative",
368,"Mrs. Thomas Morgan, Representative",
368,"Mrs. William Mailliard, Representative",
368,"Mrs. Jerry Pettis, Representative",
368,"Mrs. John McFall, Mr.",
368,Mrs. Richard Soloman,NSC
368,State Department Representative Mr. Tom Korologos,
368,"wife, 11 PRC delegation",chosen by Ambassador
369,Stan Scott,
370,"Nixon, the First Lady Pat Nixon",
371,"Nixon, unnamed White House physician",
371,Military aide,
372,"Nixon, Julia Eisenhower, David Eisenhower",
373,Nixon,
374,Nixon,
374,"General Alexander M. Haig, Jr.",
375,Nixon,
376,Nixon,
377,"Nixon, family members",
378,"Nixon, the First Lady Pat Nixon, Mr.",
378,Mrs. David Eisenhower,Julie Nixon
378,Mr. Edward Cox,
378,Mrs. Tricia Cox,
379,"Nixon, Congressmen Leslie C. Arends",R-IL
379,Samuel L. Devine,R-OH
379,Elford A. Cederberg,R-MI
379,Glenn R. Davis,R-WI
379,Robert H. Michel,R-IL
379,"Joe D. Waggonner, Jr.",D-LA
379,Olin E. Teague,D-TX
379,F. Edward Herbert,D-LA
379,Richard H. Ichord,D-MO
379,and William E. Timmons),assistant
380,"Nixon, James D. St. Clair",Special Counsel
380,"J. Fred Buzhardt, Jr.",Counsel
380,"Alexander M. Haig, Jr.",Assistant
381,"Nixon, the First Lady Pat Nixon, Rose Mary Woods",executive assistant
381,Patrick J. Buchanan,Special Consultant
381,Mrs. Patrick J. Buchanan,White House receptionist
382,"Nixon, Congressmen Omar Burleson",D-TX
382,"Barber B. Conable, Jr.",R-NY
382,W.C. Daniel),D-VA
382,Edward J. Derwinski,R-IL
382,William L. Dickinson,R-AL
382,Craig Hosmer,R-CA
382,Dan H. Kuykendall,R-TN
382,G.V. “Sonny” Montgomery,D-MS
382,Otto E. Passman,D-LA
382,Robert L.F. Sikes,D-FL
382,John W. Wydler,R-NY
382,"and Alexander M. Haig, Jr.",assistant
382,William E. Timmons),assistant
383,Nixon,
384,Nixon,
385,"Nixon, the First Lady Pat Nixon, Tricia Cox",
386,"Nixon, the First Lady Pat Nixon, Julie Nixon, Tricia Cox",
387,"Mrs. Earl Bell, Junior Girl Scout Troop \#364",
388,Mike Balzano,wife Denise
388,Ray Bell,
388,"Jeanne Viner, Lewis",
388,"Elizabeth Dale, Mike",
388,"Frances Dunn, Curt Fee",
388,"Karen Baynard, Tom",
388,"Jackie Lattimer, Greg",
388,"Darlene Lebedev, Andre",
388,"Mary Jean LeTendre, Dan",
388,"Sally Parker, Allen",
388,"Jane Parmenter, Sam",
388,"Trina Schulhof, Bob",
388,"Cathy Shaw, Larry",
388,"Ricki Silberman, Louis",
388,"Cricket Laun, David",
388,"Caroline Smyth, Mayo",
388,"Pricilla Thompson, John",
388,"Diana Vickerman, Willy Von Raab with Robin)",
388,David,
388,Darlene Wimer,
389,"Gale McGee, Lorraine McGee, Mr. Tom Korologos",
390,"Nixon, the First Lady Pat Nixon, Mr.",
390,Mrs. Edward F. Cox,Tricia Nixon
390,Mr.,
390,Mrs. David Eisenhower,Julie Nixon
390,Rose Mary Woods,executive assistant
391,Drama class students of the Marlton school for the deaf,
391,Miss Carol Billone,
392,Ken Cole,
393,"Mrs. Rosemary Sullivan, Eugene Sullivan",WH legal staff
393,other WH legal staff members. James D. St. Claire,maybe
394,"William E. Barry, Margaret Barry, other White House Fellows",
394,"their spouses, Joan K. Benziger",
395,"Leisure club of the church of the annunciation, Mrs. Hillyard",
396,Nixon,
397,"Nixon, Congressmen John N. Erlenborn",R-IL
397,Wendell Wyatt,R-OR
397,LaMar Baker,R-TN
397,E.G. Shuster,R-PA
397,William G. Bray,R-IN
397,Samuel S. Stratton,D-NY
397,David E. Satterfield III,D-VA
397,O.C. Fisher,D-TX
397,Tom S. Gettys,D-SC
397,"Robert G. Stephens, Jr.",D-GA
397,and William E. Timmons),assistant
398,Nixon,
399,"White House Aide Anne Armstrong, Mrs. John Rhodes",Betty Harvey
399,Mrs. Robert Michel,Corinne Woodruff
399,Mrs. Hugh Scott,Marian Huntington Chase
399,Mrs. Bill Brock,Laura Handly
399,other congressional wives.,
400,"3 white house aides, six Southern democrat congressmen",
400,their wives,
401,"Big Brothers, Mr. J. R. Black",
402,Mr.,
402,Mrs. John J. Rhodes,Betty Harvey
402,"Max L. Friedersdorf, republican counsels of the house committees",
402,their wives,
403,"Nixon, the First Lady Pat Nixon, Julie Eisenhower",
404,"Nixon, C.G. Rebozo",
405,"Wolf Trap Company, Mrs. Catherine Filene Shouse",
406,"Nixon, the First Lady Pat Nixon, Tricia Nixon, Mr.",
406,Mrs. David Eisenhower,Julie Nixon
406,Rose Mary Woods,Nixon’s personal secretary
407,"President Ford, L. William Seidman, Brent Scowcroft, Frank G. Zarb, Alan Greenspan, James R. Schlesinger, Edward H. Levi, Earl L. Butz, John T. Dunlop, Carla A. Hills, William T. Coleman, Stephen S. Gardner, John K. Tabor, D. Kent Frizzell, Stephen Kurzman, Philip W. Buchen, Frederick B. Dent, Robert T. Hartmann, James T. Lynn, John O. Marsh, Donald H. Rumsfeld, John A. Scali, William J. Baroody, James M. Cannon III, Richard B. Cheney, James E. Connor, Max L. Friedersdorf, Ronald H. Nessen, Roderick M. Hills, William I. Greener, Mary Louise Smith)",
407,Russell E. Train,
408,"Max Friedersdorf, Harry Hogan, John Foltz, Dennis Neal, Jim Sparling, John Maury, Robert Ryan, Paul Cyr, Ken Duberstein, Steve Kurzman, Sol Mosher, John Kyl, Mike Uhlmann, Jim Hogue, Gerald Griffin, Leighton Sattler, Hal Griffin, Robert McCloskey, Ray Warner, Fred Webber, Ed Hidalgo, Ed Arnold, Holly Cantus, Duke Zeller, Carlton Kammerer, Margaret Gaynor",
409,"Susan Ford, William W. Pifer",Susan’s date
409,4 other friends.,
410,Phil Buchen,
410,"General Counsels Stan Harsch, Jack Stempler, Charles Ablard, Carl E. Bakke, Martin R. Hoffman, Robert E. Montgomery, Jr., Harold S. Trimmer, John B. Rhinelander, Robert R. Elliott, Edward Hidalgo, Kent Frizzell, Ralph E. Becker, Edward Levi, Harold Tyler, Robert H. Bork, Rex Lee, Wallace H. Johnson, Antonin Scalia, Michael Uhlmann, Doug Marvin, William J. Kilberg, R. Tenney Johnson, E. Grey Lewis, Cal Collier, Peter T. Straub, H. Gregory Austin, Peter G. Powers, Monroe Leigh, Eugene Eyster, Richard C. Albrecht, David H. Martin, John J. Corcoran, Richard Parsons, Peter Wallison, John Warner",
411,"Frank G. Zarb, Mr.",
411,"Mrs. Al Ullman, Mr.",
411,"Mrs. John Dingell, Mr.",
411,"Mrs. Clarence Brown, Mr.",
411,"Mrs. Herman Schneebeli, Mr.",
411,"Mrs. Barber Conable, Mr.",
411,"Mrs. John Pastore, Mr.",
411,"Mrs. Jim Wright, Mr.",
411,"Mrs. Max Friedersdorf, Mr.",
411,Mrs. John Marsh,
412,"James T. Lynn, OMB senior staff.",
413,From the U.S. \- Secretary Carla Hills and Mr. Roderick Hills and Ambassador James Lynn and Arthur A. Hartman and Mrs. Hartman,Assistant Secretary of the State for European Affairs
414,"Secretary William Coleman, the White House Fellows including Dr. William Hamilton)",Penn connection\!
415,"James R. Schlesinger, members of Congress",
416,Douglas P. Bennett,
416,staff,40 or so people
417,Senior Minority Professional Staff Members of Standing Committees in the House of Representatives,REPUBLICAN
418,"Ron Nessen, public affairs officers",
419,Senior Majority,
419,Minority Professional Staff Members of Standing Committees in the Senate,REPUBLICAN & DEMOCRAT
420,"Attorney General Edward Levi, House Judiciary Committee Members",
421,"Gerald Ford, Betty Ford, Nelson Rockefeller, Happy Rockefeller",
422,"Don Rumsfeld, SOS Group",
423,The Minority Whips of the House of Representatives,REPUBLICAN
424,Senior Staff Members of the Majority Leadership,
424,Senior Majority Professional Staff Members of Standing Committees in the House Of Representatives,DEMOCRAT
425,"Gerald Ford, the First Lady, Nelson A. Rockefeller",VP
425,Mrs. Nelson A. Rockefeller,
425,Senator,
425,Mrs. Mike Mansfield,
425,Senator Frank E. Moss,
425,Senator,
425,Mrs. Hugh Scott,wife
425,Senator Robert P. Griffin,
425,Senator,
425,"Mrs. Carl T. Curtis, Congressman",
425,Mrs. Carl Albert,wife
425,Congressman,
425,Mrs. Thomas P. O’Neill,wife
425,Congressman,
425,Mrs. John J. McFall,wife
425,Congressman,
425,Mrs. John J. Rhodes,wife
425,Congressman,
425,Mrs. Robert H. Michel,wife
425,Congressman,
425,Mrs. John B. Anderson,"wife, wife"
425,Congressman,
425,Mrs. Phillip Burton,wife
425,"Mrs. Donald H. Rumsfeld, Mr.",
425,Mrs. John O. Marsh Jr.,wife
425,Mr.,
425,"Mrs. Max L. Friedersdorf, Frank G. Zarb, Alan Greenspan",
426,Republican Leadership,
426,ranking Minority Senate Committee Members,REPUBLICAN
427,Frank Zarb,
428,Republican House Freshmen Members,REPUBLICAN
429,Republican House Leadership,
429,Ranking Minority Committee Members,REPUBLICAN
430,Washington Clemency Board,
431,Republican Members of the House,REPUBLICAN
432,Phil Buchen,
433,House Southern Democrats,
433,other supportive Democrats,DEMOCRAT
434,Half of the House Republican Sophomore Class,REPUBLICAN
435,Chairmen of the Standing House Committees,DEMOCRAT
436,House Southern Democrats,
436,other supportive Democrats,DEMOCRAT
437,"Senate Housing Committee, Carla Hills",
438,"the House Housing Committee, Carla Hills",
439,Chairmen of the Senate Standing Committees,DEMOCRAT
440,The balance of the House Republican Members,REPUBLICAN
441,Half of the House Republican Sophomore Class,REPUBLICAN
442,Emperor Hirohito,
442,Empress of Japan,
443,Mr.,
443,"Mrs. Don Rumsfeld, Mr.",
443,"Mrs. Dick Cheney, Lee Goodell, Brenda Williams, Phyllis Luther, Pete Roussel, Judy Wilson, Mr.",
443,"Mrs. Albert Rippie, Kathie Berger, Mr.",
443,"Mrs. Robert Goldwin, Mr.",
443,"Mrs. Jim Connor, Mr.",
443,"Mrs. Dave Hoopes, Mr.",
443,"Mrs. Mike Farrell, Mr.",
443,"Mrs. Bob Linder, Mr.",
443,"Mrs. Trudy Fry, Sarah Currence, Eleanor Connors. Mr.",
443,"Mrs. Christian, Jerry Jones, Diana Gwinn, Mr.",
443,"Mrs. Warren Rustand, Mr.",
443,"Mrs. Red Cavenay, Mr.",
443,"Mrs. Terry O’Donnell, Mr.",
443,"Mrs. Fred Ursomarso, Mr.",
443,"Mrs. Elizabeth Macbeth, Mr.",
443,Mrs. Nell Yates,
444,Robert T. Hartmann ​​,Counselor to the President
445,"Gerald Ford, the First Lady, Mr.",
445,Mrs. Edward H. Levi,wife
445,William T. Coleman,wife
445,Senator,
445,"Mrs. Hugh Scott, Congressman",
445,"Mrs. John J. Rhodes, Mr.",
445,Mrs. Charles L. Bartlett),"wife, wife"
445,Mrs. Moss Hart,Kitty Carlisle
445,"Rogers C. B. Morton, Nelson A. Rockefeller",VP
445,"Mrs. Nelson Rockefeller, Mrs. Thomas G.",Janet
446,"Gerald Ford, Prime Minister Pierre Elliot Trudeau, Ambassador Jack H. Warren, Ivan Head, Henry A. Kissinger, Lt. Gen. Brent Scowcroft, Ambassador Thomas O. Enders, Donald MacDonald",
447,Susan Ford,
447,30 guests,
449,"Bob Hope, Lucille Ball, Phyllis Diller, Richard W. Arendsee",Founder of the Sequoia Trust Fund
449,Raymond P. Shafer,Former Governer of Pennsylvania
449,"George Burns, Lynda Carter, Ann Jillian, Loretta Lynn, Barbara Mandrell, George C. Scott, Kermit the Frog",?
451,William J. Casey,Director CIA
451,Kenneth Adelman (Arms Control,
451,Disarmament AgencyDirector),
451,"Lewis E. ""Lew"" Lehrman, Alexander Haig, Anita Bryant, Margaret Heckler, John Block, William Lucas, Jack Abramoff",
452,"John Chafee, Sam Nunn, Carl Levin, Mrs. Levin, 29 total passengers visible from photo.",
453,"Claude Pepper with friends celebrating his 86th Birthday on the former Presidential Yacht, the USS Sequoia.",
454,James Addison Baker III,Secretary of Treasury
454,William “Bill” Emerson Brock III,Secretary of Labor
455,"Speaker Wright, Jack Brooks, Charlotte Brooks, 48 other guests.",
456,"William Verity, Jr.",Secretary of Commerce
456,Various Cabinet members,
456,political supporters from the private sector.,
458,Colin Powell,Secretary of State
459,"Queen Margrethe II of Denmark, H.R.H. Prince Henrik Ditlev Engel",then-CEO of global wind turbine manufacturer Vestas
